asof,meeting,pre,post,move_bp,cum_bp
2025-10-06,2026-10-28,3.0832,3.05,-3.3,-104.0
2025-10-06,2026-12-09,3.05,3.0148,-3.5,-107.5
2025-10-06,2027-01-27,3.0148,2.995,-2.0,-109.5
2025-10-06,2027-03-17,2.995,2.9729,-2.2,-111.7
2025-10-06,2027-04-28,2.9729,3.01,3.7,-108.0
2025-10-06,2027-06-09,3.01,3.0386,2.9,-105.1
2025-10-06,2027-07-28,3.0386,3.13,9.1,-96.0
2025-10-06,2027-09-15,3.13,3.13,0.0,-96.0
2025-10-06,2027-10-27,3.13,3.155,2.5,-93.5
2025-10-06,2027-12-08,3.155,3.182,2.7,-90.8
2025-10-07,2026-10-28,3.0682,3.035,-3.3,-105.5
2025-10-07,2026-12-09,3.035,2.9998,-3.5,-109.0
2025-10-07,2027-01-27,2.9998,2.985,-1.5,-110.5
2025-10-07,2027-03-17,2.985,2.9629,-2.2,-112.7
2025-10-07,2027-04-28,2.9629,3.005,4.2,-108.5
2025-10-07,2027-06-09,3.005,3.0336,2.9,-105.6
2025-10-07,2027-07-28,3.0336,3.065,3.1,-102.5
2025-10-07,2027-09-15,3.065,3.065,0.0,-102.5
2025-10-07,2027-10-27,3.065,3.09,2.5,-100.0
2025-10-07,2027-12-08,3.09,3.117,2.7,-97.3
2025-10-08,2026-10-28,3.0882,3.055,-3.3,-104.5
2025-10-08,2026-12-09,3.055,3.0198,-3.5,-108.0
2025-10-08,2027-01-27,3.0198,3.0,-2.0,-110.0
2025-10-08,2027-03-17,3.0,2.9779,-2.2,-112.2
2025-10-08,2027-04-28,2.9779,3.02,4.2,-108.0
2025-10-08,2027-06-09,3.02,3.0486,2.9,-105.1
2025-10-08,2027-07-28,3.0486,3.08,3.1,-102.0
2025-10-08,2027-09-15,3.08,3.08,0.0,-102.0
2025-10-08,2027-10-27,3.08,3.105,2.5,-99.5
2025-10-08,2027-12-08,3.105,3.132,2.7,-96.8
2025-10-09,2026-10-28,3.0982,3.065,-3.3,-103.5
2025-10-09,2026-12-09,3.065,3.0298,-3.5,-107.0
2025-10-09,2027-01-27,3.0298,3.01,-2.0,-109.0
2025-10-09,2027-03-17,3.01,2.9879,-2.2,-111.2
2025-10-09,2027-04-28,2.9879,3.03,4.2,-107.0
2025-10-09,2027-06-09,3.03,3.0586,2.9,-104.1
2025-10-09,2027-07-28,3.0586,3.09,3.1,-101.0
2025-10-09,2027-09-15,3.09,3.09,0.0,-101.0
2025-10-09,2027-10-27,3.09,3.115,2.5,-98.5
2025-10-09,2027-12-08,3.115,3.142,2.7,-95.8
2025-10-10,2026-10-28,3.0037,2.965,-3.9,-113.5
2025-10-10,2026-12-09,2.965,2.9298,-3.5,-117.0
2025-10-10,2027-01-27,2.9298,2.915,-1.5,-118.5
2025-10-10,2027-03-17,2.915,2.8929,-2.2,-120.7
2025-10-10,2027-04-28,2.8929,2.935,4.2,-116.5
2025-10-10,2027-06-09,2.935,2.9636,2.9,-113.6
2025-10-10,2027-07-28,2.9636,2.995,3.1,-110.5
2025-10-10,2027-09-15,2.995,2.995,0.0,-110.5
2025-10-10,2027-10-27,2.995,3.02,2.5,-108.0
2025-10-10,2027-12-08,3.02,3.047,2.7,-105.3
2025-10-13,2026-10-28,2.9737,2.935,-3.9,-116.5
2025-10-13,2026-12-09,2.935,2.8998,-3.5,-120.0
2025-10-13,2027-01-27,2.8998,2.885,-1.5,-121.5
2025-10-13,2027-03-17,2.885,2.8629,-2.2,-123.7
2025-10-13,2027-04-28,2.8629,2.905,4.2,-119.5
2025-10-13,2027-06-09,2.905,2.9336,2.9,-116.6
2025-10-13,2027-07-28,2.9336,2.965,3.1,-113.5
2025-10-13,2027-09-15,2.965,2.965,0.0,-113.5
2025-10-13,2027-10-27,2.965,2.99,2.5,-111.0
2025-10-13,2027-12-08,2.99,3.017,2.7,-108.3
2025-10-14,2026-10-28,2.9637,2.925,-3.9,-117.5
2025-10-14,2026-12-09,2.925,2.8898,-3.5,-121.0
2025-10-14,2027-01-27,2.8898,2.875,-1.5,-122.5
2025-10-14,2027-03-17,2.875,2.8529,-2.2,-124.7
2025-10-14,2027-04-28,2.8529,2.895,4.2,-120.5
2025-10-14,2027-06-09,2.895,2.9236,2.9,-117.6
2025-10-14,2027-07-28,2.9236,2.955,3.1,-114.5
2025-10-14,2027-09-15,2.955,2.955,0.0,-114.5
2025-10-14,2027-10-27,2.955,2.98,2.5,-112.0
2025-10-14,2027-12-08,2.98,3.007,2.7,-109.3
2025-10-15,2026-10-28,2.9832,2.95,-3.3,-115.0
2025-10-15,2026-12-09,2.95,2.9148,-3.5,-118.5
2025-10-15,2027-01-27,2.9148,2.9,-1.5,-120.0
2025-10-15,2027-03-17,2.9,2.8779,-2.2,-122.2
2025-10-15,2027-04-28,2.8779,2.92,4.2,-118.0
2025-10-15,2027-06-09,2.92,2.9486,2.9,-115.1
2025-10-15,2027-07-28,2.9486,2.98,3.1,-112.0
2025-10-15,2027-09-15,2.98,2.98,0.0,-112.0
2025-10-15,2027-10-27,2.98,3.005,2.5,-109.5
2025-10-15,2027-12-08,3.005,3.032,2.7,-106.8
2025-10-16,2026-10-28,2.8932,2.86,-3.3,-125.0
2025-10-16,2026-12-09,2.86,2.8248,-3.5,-128.5
2025-10-16,2027-01-27,2.8248,2.81,-1.5,-130.0
2025-10-16,2027-03-17,2.81,2.7879,-2.2,-132.2
2025-10-16,2027-04-28,2.7879,2.83,4.2,-128.0
2025-10-16,2027-06-09,2.83,2.8586,2.9,-125.1
2025-10-16,2027-07-28,2.8586,2.885,2.6,-122.5
2025-10-16,2027-09-15,2.885,2.885,0.0,-122.5
2025-10-16,2027-10-27,2.885,2.91,2.5,-120.0
2025-10-16,2027-12-08,2.91,2.937,2.7,-117.3
2025-10-17,2026-10-28,2.9432,2.91,-3.3,-120.0
2025-10-17,2026-12-09,2.91,2.8748,-3.5,-123.5
2025-10-17,2027-01-27,2.8748,2.86,-1.5,-125.0
2025-10-17,2027-03-17,2.86,2.8379,-2.2,-127.2
2025-10-17,2027-04-28,2.8379,2.88,4.2,-123.0
2025-10-17,2027-06-09,2.88,2.9086,2.9,-120.1
2025-10-17,2027-07-28,2.9086,2.935,2.6,-117.5
2025-10-17,2027-09-15,2.935,2.935,0.0,-117.5
2025-10-17,2027-10-27,2.935,2.96,2.5,-115.0
2025-10-17,2027-12-08,2.96,2.987,2.7,-112.3
2025-10-20,2026-10-28,2.9482,2.915,-3.3,-119.5
2025-10-20,2026-12-09,2.915,2.8798,-3.5,-123.0
2025-10-20,2027-01-27,2.8798,2.865,-1.5,-124.5
2025-10-20,2027-03-17,2.865,2.8429,-2.2,-126.7
2025-10-20,2027-04-28,2.8429,2.885,4.2,-122.5
2025-10-20,2027-06-09,2.885,2.9136,2.9,-119.6
2025-10-20,2027-07-28,2.9136,2.94,2.6,-117.0
2025-10-20,2027-09-15,2.94,2.94,0.0,-117.0
2025-10-20,2027-10-27,2.94,2.965,2.5,-114.5
2025-10-20,2027-12-08,2.965,2.992,2.7,-111.8
2025-10-21,2026-10-28,2.9388,2.9,-3.9,-121.0
2025-10-21,2026-12-09,2.9,2.8648,-3.5,-124.5
2025-10-21,2027-01-27,2.8648,2.85,-1.5,-126.0
2025-10-21,2027-03-17,2.85,2.8279,-2.2,-128.2
2025-10-21,2027-04-28,2.8279,2.87,4.2,-124.0
2025-10-21,2027-06-09,2.87,2.8986,2.9,-121.1
2025-10-21,2027-07-28,2.8986,2.925,2.6,-118.5
2025-10-21,2027-09-15,2.925,2.925,0.0,-118.5
2025-10-21,2027-10-27,2.925,2.95,2.5,-116.0
2025-10-21,2027-12-08,2.95,2.977,2.7,-113.3
2025-10-22,2026-10-28,2.9287,2.89,-3.9,-122.0
2025-10-22,2026-12-09,2.89,2.8548,-3.5,-125.5
2025-10-22,2027-01-27,2.8548,2.84,-1.5,-127.0
2025-10-22,2027-03-17,2.84,2.8179,-2.2,-129.2
2025-10-22,2027-04-28,2.8179,2.86,4.2,-125.0
2025-10-22,2027-06-09,2.86,2.8886,2.9,-122.1
2025-10-22,2027-07-28,2.8886,2.915,2.6,-119.5
2025-10-22,2027-09-15,2.915,2.915,0.0,-119.5
2025-10-22,2027-10-27,2.915,2.94,2.5,-117.0
2025-10-22,2027-12-08,2.94,2.967,2.7,-114.3
2025-10-23,2026-10-28,2.9887,2.95,-3.9,-116.0
2025-10-23,2026-12-09,2.95,2.9148,-3.5,-119.5
2025-10-23,2027-01-27,2.9148,2.9,-1.5,-121.0
2025-10-23,2027-03-17,2.9,2.8779,-2.2,-123.2
2025-10-23,2027-04-28,2.8779,2.92,4.2,-119.0
2025-10-23,2027-06-09,2.92,2.9486,2.9,-116.1
2025-10-23,2027-07-28,2.9486,2.975,2.6,-113.5
2025-10-23,2027-09-15,2.975,2.975,0.0,-113.5
2025-10-23,2027-10-27,2.975,3.0,2.5,-111.0
2025-10-23,2027-12-08,3.0,3.027,2.7,-108.3
2025-10-24,2026-10-28,2.9937,2.955,-3.9,-115.5
2025-10-24,2026-12-09,2.955,2.9198,-3.5,-119.0
2025-10-24,2027-01-27,2.9198,2.905,-1.5,-120.5
2025-10-24,2027-03-17,2.905,2.8829,-2.2,-122.7
2025-10-24,2027-04-28,2.8829,2.925,4.2,-118.5
2025-10-24,2027-06-09,2.925,2.9536,2.9,-115.6
2025-10-24,2027-07-28,2.9536,2.98,2.6,-113.0
2025-10-24,2027-09-15,2.98,2.98,0.0,-113.0
2025-10-24,2027-10-27,2.98,3.005,2.5,-110.5
2025-10-24,2027-12-08,3.005,3.032,2.7,-107.8
2025-10-27,2026-10-28,3.0188,2.98,-3.9,-114.0
2025-10-27,2026-12-09,2.98,2.9518,-2.8,-116.8
2025-10-27,2027-01-27,2.9518,2.935,-1.7,-118.5
2025-10-27,2027-03-17,2.935,2.9239,-1.1,-119.6
2025-10-27,2027-04-28,2.9239,2.96,3.6,-116.0
2025-10-27,2027-06-09,2.96,2.9886,2.9,-113.1
2025-10-27,2027-07-28,2.9886,3.015,2.6,-110.5
2025-10-27,2027-09-15,3.015,3.015,0.0,-110.5
2025-10-27,2027-10-27,3.015,3.04,2.5,-108.0
2025-10-27,2027-12-08,3.04,3.067,2.7,-105.3
2025-10-28,2026-10-28,3.0237,2.985,-3.9,-113.5
2025-10-28,2026-12-09,2.985,2.9568,-2.8,-116.3
2025-10-28,2027-01-27,2.9568,2.935,-2.2,-118.5
2025-10-28,2027-03-17,2.935,2.9239,-1.1,-119.6
2025-10-28,2027-04-28,2.9239,2.96,3.6,-116.0
2025-10-28,2027-06-09,2.96,2.9886,2.9,-113.1
2025-10-28,2027-07-28,2.9886,3.015,2.6,-110.5
2025-10-28,2027-09-15,3.015,3.015,0.0,-110.5
2025-10-28,2027-10-27,3.015,3.04,2.5,-108.0
2025-10-28,2027-12-08,3.04,3.067,2.7,-105.3
2025-10-29,2026-10-28,3.1193,3.075,-4.4,-79.5
2025-10-29,2026-12-09,3.075,3.0398,-3.5,-83.0
2025-10-29,2027-01-27,3.0398,3.015,-2.5,-85.5
2025-10-29,2027-03-17,3.015,3.0039,-1.1,-86.6
2025-10-29,2027-04-28,3.0039,3.04,3.6,-83.0
2025-10-29,2027-06-09,3.04,3.0686,2.9,-80.1
2025-10-29,2027-07-28,3.0686,3.09,2.1,-78.0
2025-10-29,2027-09-15,3.09,3.09,0.0,-78.0
2025-10-29,2027-10-27,3.09,3.115,2.5,-75.5
2025-10-29,2027-12-08,3.115,3.142,2.7,-72.8
2025-10-30,2026-10-28,3.1543,3.11,-4.4,-76.0
2025-10-30,2026-12-09,3.11,3.0677,-4.2,-80.2
2025-10-30,2027-01-27,3.0677,3.045,-2.3,-82.5
2025-10-30,2027-03-17,3.045,3.0339,-1.1,-83.6
2025-10-30,2027-04-28,3.0339,3.065,3.1,-80.5
2025-10-30,2027-06-09,3.065,3.0936,2.9,-77.6
2025-10-30,2027-07-28,3.0936,3.11,1.6,-76.0
2025-10-30,2027-09-15,3.11,3.11,0.0,-76.0
2025-10-30,2027-10-27,3.11,3.135,2.5,-73.5
2025-10-30,2027-12-08,3.135,3.162,2.7,-70.8
2025-10-31,2026-10-28,3.1648,3.115,-5.0,-74.5
2025-10-31,2026-12-09,3.115,3.0727,-4.2,-78.7
2025-10-31,2027-01-27,3.0727,3.05,-2.3,-81.0
2025-10-31,2027-03-17,3.05,3.0389,-1.1,-82.1
2025-10-31,2027-04-28,3.0389,3.07,3.1,-79.0
2025-10-31,2027-06-09,3.07,3.0986,2.9,-76.1
2025-10-31,2027-07-28,3.0986,3.115,1.6,-74.5
2025-10-31,2027-09-15,3.115,3.115,0.0,-74.5
2025-10-31,2027-10-27,3.115,3.14,2.5,-72.0
2025-10-31,2027-12-08,3.14,3.167,2.7,-69.3
2025-11-03,2026-10-28,3.1598,3.11,-5.0,-76.0
2025-11-03,2026-12-09,3.11,3.0677,-4.2,-80.2
2025-11-03,2027-01-27,3.0677,3.05,-1.8,-82.0
2025-11-03,2027-03-17,3.05,3.0389,-1.1,-83.1
2025-11-03,2027-04-28,3.0389,3.06,2.1,-81.0
2025-11-03,2027-06-09,3.06,3.0886,2.9,-78.1
2025-11-03,2027-07-28,3.0886,3.105,1.6,-76.5
2025-11-03,2027-09-15,3.105,3.105,0.0,-76.5
2025-11-03,2027-10-27,3.105,3.13,2.5,-74.0
2025-11-03,2027-12-08,3.13,3.157,2.7,-71.3
2025-11-04,2026-10-28,3.1448,3.095,-5.0,-77.5
2025-11-04,2026-12-09,3.095,3.0527,-4.2,-81.7
2025-11-04,2027-01-27,3.0527,3.035,-1.8,-83.5
2025-11-04,2027-03-17,3.035,3.0239,-1.1,-84.6
2025-11-04,2027-04-28,3.0239,3.04,1.6,-83.0
2025-11-04,2027-06-09,3.04,3.0686,2.9,-80.1
2025-11-04,2027-07-28,3.0686,3.085,1.6,-78.5
2025-11-04,2027-09-15,3.085,3.085,0.0,-78.5
2025-11-04,2027-10-27,3.085,3.11,2.5,-76.0
2025-11-04,2027-12-08,3.11,3.137,2.7,-73.3
2025-11-05,2026-10-28,3.1993,3.155,-4.4,-71.5
2025-11-05,2026-12-09,3.155,3.1127,-4.2,-75.7
2025-11-05,2027-01-27,3.1127,3.095,-1.8,-77.5
2025-11-05,2027-03-17,3.095,3.0839,-1.1,-78.6
2025-11-05,2027-04-28,3.0839,3.1,1.6,-77.0
2025-11-05,2027-06-09,3.1,3.1286,2.9,-74.1
2025-11-05,2027-07-28,3.1286,3.145,1.6,-72.5
2025-11-05,2027-09-15,3.145,3.145,0.0,-72.5
2025-11-05,2027-10-27,3.145,3.17,2.5,-70.0
2025-11-05,2027-12-08,3.17,3.197,2.7,-67.3
2025-11-06,2026-10-28,3.1293,3.085,-4.4,-78.5
2025-11-06,2026-12-09,3.085,3.0427,-4.2,-82.7
2025-11-06,2027-01-27,3.0427,3.025,-1.8,-84.5
2025-11-06,2027-03-17,3.025,3.0139,-1.1,-85.6
2025-11-06,2027-04-28,3.0139,3.03,1.6,-84.0
2025-11-06,2027-06-09,3.03,3.0586,2.9,-81.1
2025-11-06,2027-07-28,3.0586,3.075,1.6,-79.5
2025-11-06,2027-09-15,3.075,3.075,0.0,-79.5
2025-11-06,2027-10-27,3.075,3.1,2.5,-77.0
2025-11-06,2027-12-08,3.1,3.127,2.7,-74.3
2025-11-07,2026-10-28,3.1193,3.075,-4.4,-79.5
2025-11-07,2026-12-09,3.075,3.0327,-4.2,-83.7
2025-11-07,2027-01-27,3.0327,3.015,-1.8,-85.5
2025-11-07,2027-03-17,3.015,3.0039,-1.1,-86.6
2025-11-07,2027-04-28,3.0039,3.02,1.6,-85.0
2025-11-07,2027-06-09,3.02,3.0486,2.9,-82.1
2025-11-07,2027-07-28,3.0486,3.065,1.6,-80.5
2025-11-07,2027-09-15,3.065,3.065,0.0,-80.5
2025-11-07,2027-10-27,3.065,3.09,2.5,-78.0
2025-11-07,2027-12-08,3.09,3.117,2.7,-75.3
2025-11-10,2026-10-28,3.1543,3.11,-4.4,-76.0
2025-11-10,2026-12-09,3.11,3.0677,-4.2,-80.2
2025-11-10,2027-01-27,3.0677,3.05,-1.8,-82.0
2025-11-10,2027-03-17,3.05,3.0389,-1.1,-83.1
2025-11-10,2027-04-28,3.0389,3.045,0.6,-82.5
2025-11-10,2027-06-09,3.045,3.0736,2.9,-79.6
2025-11-10,2027-07-28,3.0736,3.09,1.6,-78.0
2025-11-10,2027-09-15,3.09,3.09,0.0,-78.0
2025-11-10,2027-10-27,3.09,3.115,2.5,-75.5
2025-11-10,2027-12-08,3.115,3.142,2.7,-72.8
2025-11-11,2026-10-28,3.1093,3.065,-4.4,-80.5
2025-11-11,2026-12-09,3.065,3.0227,-4.2,-84.7
2025-11-11,2027-01-27,3.0227,3.005,-1.8,-86.5
2025-11-11,2027-03-17,3.005,3.005,0.0,-86.5
2025-11-11,2027-04-28,3.005,3.005,0.0,-86.5
2025-11-11,2027-06-09,3.005,3.0336,2.9,-83.6
2025-11-11,2027-07-28,3.0336,3.05,1.6,-82.0
2025-11-11,2027-09-15,3.05,3.05,0.0,-82.0
2025-11-11,2027-10-27,3.05,3.075,2.5,-79.5
2025-11-11,2027-12-08,3.075,3.102,2.7,-76.8
2025-11-12,2026-10-28,3.1243,3.08,-4.4,-79.0
2025-11-12,2026-12-09,3.08,3.0377,-4.2,-83.2
2025-11-12,2027-01-27,3.0377,3.02,-1.8,-85.0
2025-11-12,2027-03-17,3.02,3.02,0.0,-85.0
2025-11-12,2027-04-28,3.02,3.02,0.0,-85.0
2025-11-12,2027-06-09,3.02,3.0486,2.9,-82.1
2025-11-12,2027-07-28,3.0486,3.065,1.6,-80.5
2025-11-12,2027-09-15,3.065,3.065,0.0,-80.5
2025-11-12,2027-10-27,3.065,3.09,2.5,-78.0
2025-11-12,2027-12-08,3.09,3.117,2.7,-75.3
2025-11-13,2026-10-28,3.1543,3.11,-4.4,-77.0
2025-11-13,2026-12-09,3.11,3.0677,-4.2,-81.2
2025-11-13,2027-01-27,3.0677,3.05,-1.8,-83.0
2025-11-13,2027-03-17,3.05,3.0389,-1.1,-84.1
2025-11-13,2027-04-28,3.0389,3.045,0.6,-83.5
2025-11-13,2027-06-09,3.045,3.0736,2.9,-80.6
2025-11-13,2027-07-28,3.0736,3.09,1.6,-79.0
2025-11-13,2027-09-15,3.09,3.09,0.0,-79.0
2025-11-13,2027-10-27,3.09,3.115,2.5,-76.5
2025-11-13,2027-12-08,3.115,3.142,2.7,-73.8
2025-11-14,2026-10-28,3.1743,3.13,-4.4,-75.0
2025-11-14,2026-12-09,3.13,3.0877,-4.2,-79.2
2025-11-14,2027-01-27,3.0877,3.065,-2.3,-81.5
2025-11-14,2027-03-17,3.065,3.0539,-1.1,-82.6
2025-11-14,2027-04-28,3.0539,3.06,0.6,-82.0
2025-11-14,2027-06-09,3.06,3.0886,2.9,-79.1
2025-11-14,2027-07-28,3.0886,3.105,1.6,-77.5
2025-11-14,2027-09-15,3.105,3.105,0.0,-77.5
2025-11-14,2027-10-27,3.105,3.13,2.5,-75.0
2025-11-14,2027-12-08,3.13,3.157,2.7,-72.3
2025-11-17,2026-10-28,3.1693,3.125,-4.4,-75.5
2025-11-17,2026-12-09,3.125,3.0757,-4.9,-80.4
2025-11-17,2027-01-27,3.0757,3.055,-2.1,-82.5
2025-11-17,2027-03-17,3.055,3.0439,-1.1,-83.6
2025-11-17,2027-04-28,3.0439,3.05,0.6,-83.0
2025-11-17,2027-06-09,3.05,3.0786,2.9,-80.1
2025-11-17,2027-07-28,3.0786,3.095,1.6,-78.5
2025-11-17,2027-09-15,3.095,3.095,0.0,-78.5
2025-11-17,2027-10-27,3.095,3.12,2.5,-76.0
2025-11-17,2027-12-08,3.12,3.147,2.7,-73.3
2025-11-18,2026-10-28,3.1343,3.09,-4.4,-79.0
2025-11-18,2026-12-09,3.09,3.0407,-4.9,-83.9
2025-11-18,2027-01-27,3.0407,3.02,-2.1,-86.0
2025-11-18,2027-03-17,3.02,3.0089,-1.1,-87.1
2025-11-18,2027-04-28,3.0089,3.015,0.6,-86.5
2025-11-18,2027-06-09,3.015,3.0436,2.9,-83.6
2025-11-18,2027-07-28,3.0436,3.06,1.6,-82.0
2025-11-18,2027-09-15,3.06,3.06,0.0,-82.0
2025-11-18,2027-10-27,3.06,3.085,2.5,-79.5
2025-11-18,2027-12-08,3.085,3.112,2.7,-76.8
2025-11-19,2026-10-28,3.1548,3.105,-5.0,-77.5
2025-11-19,2026-12-09,3.105,3.0557,-4.9,-82.4
2025-11-19,2027-01-27,3.0557,3.035,-2.1,-84.5
2025-11-19,2027-03-17,3.035,3.0239,-1.1,-85.6
2025-11-19,2027-04-28,3.0239,3.03,0.6,-85.0
2025-11-19,2027-06-09,3.03,3.0586,2.9,-82.1
2025-11-19,2027-07-28,3.0586,3.075,1.6,-80.5
2025-11-19,2027-09-15,3.075,3.075,0.0,-80.5
2025-11-19,2027-10-27,3.075,3.1,2.5,-78.0
2025-11-19,2027-12-08,3.1,3.127,2.7,-75.3
2025-11-20,2026-10-28,3.1054,3.05,-5.5,-83.0
2025-11-20,2026-12-09,3.05,2.9936,-5.6,-88.6
2025-11-20,2027-01-27,2.9936,2.975,-1.9,-90.5
2025-11-20,2027-03-17,2.975,2.9639,-1.1,-91.6
2025-11-20,2027-04-28,2.9639,2.97,0.6,-91.0
2025-11-20,2027-06-09,2.97,2.9986,2.9,-88.1
2025-11-20,2027-07-28,2.9986,3.015,1.6,-86.5
2025-11-20,2027-09-15,3.015,3.015,0.0,-86.5
2025-11-20,2027-10-27,3.015,3.04,2.5,-84.0
2025-11-20,2027-12-08,3.04,3.067,2.7,-81.3
2025-11-21,2026-10-28,3.0759,3.015,-6.1,-86.5
2025-11-21,2026-12-09,3.015,2.9586,-5.6,-92.1
2025-11-21,2027-01-27,2.9586,2.94,-1.9,-94.0
2025-11-21,2027-03-17,2.94,2.9289,-1.1,-95.1
2025-11-21,2027-04-28,2.9289,2.935,0.6,-94.5
2025-11-21,2027-06-09,2.935,2.9636,2.9,-91.6
2025-11-21,2027-07-28,2.9636,2.98,1.6,-90.0
2025-11-21,2027-09-15,2.98,2.98,0.0,-90.0
2025-11-21,2027-10-27,2.98,3.005,2.5,-87.5
2025-11-21,2027-12-08,3.005,3.032,2.7,-84.8
2025-11-24,2026-10-28,3.0704,3.015,-5.5,-86.5
2025-11-24,2026-12-09,3.015,2.9586,-5.6,-92.1
2025-11-24,2027-01-27,2.9586,2.94,-1.9,-94.0
2025-11-24,2027-03-17,2.94,2.9289,-1.1,-95.1
2025-11-24,2027-04-28,2.9289,2.93,0.1,-95.0
2025-11-24,2027-06-09,2.93,2.9586,2.9,-92.1
2025-11-24,2027-07-28,2.9586,3.0,4.1,-88.0
2025-11-24,2027-09-15,3.0,3.0,0.0,-88.0
2025-11-24,2027-10-27,3.0,3.025,2.5,-85.5
2025-11-24,2027-12-08,3.025,3.052,2.7,-82.8
2025-11-25,2026-10-28,3.0559,2.995,-6.1,-88.5
2025-11-25,2026-12-09,2.995,2.9386,-5.6,-94.1
2025-11-25,2027-01-27,2.9386,2.92,-1.9,-96.0
2025-11-25,2027-03-17,2.92,2.9089,-1.1,-97.1
2025-11-25,2027-04-28,2.9089,2.91,0.1,-97.0
2025-11-25,2027-06-09,2.91,2.9386,2.9,-94.1
2025-11-25,2027-07-28,2.9386,2.98,4.1,-90.0
2025-11-25,2027-09-15,2.98,2.98,0.0,-90.0
2025-11-25,2027-10-27,2.98,3.005,2.5,-87.5
2025-11-25,2027-12-08,3.005,3.032,2.7,-84.8
2025-11-26,2026-10-28,3.0809,3.02,-6.1,-86.0
2025-11-26,2026-12-09,3.02,2.9636,-5.6,-91.6
2025-11-26,2027-01-27,2.9636,2.945,-1.9,-93.5
2025-11-26,2027-03-17,2.945,2.9339,-1.1,-94.6
2025-11-26,2027-04-28,2.9339,2.93,-0.4,-95.0
2025-11-26,2027-06-09,2.93,2.9586,2.9,-92.1
2025-11-26,2027-07-28,2.9586,3.0,4.1,-88.0
2025-11-26,2027-09-15,3.0,3.0,0.0,-88.0
2025-11-26,2027-10-27,3.0,3.025,2.5,-85.5
2025-11-26,2027-12-08,3.025,3.052,2.7,-82.8
2025-11-28,2026-10-28,3.0954,3.04,-5.5,-85.0
2025-11-28,2026-12-09,3.04,2.9836,-5.6,-90.6
2025-11-28,2027-01-27,2.9836,2.965,-1.9,-92.5
2025-11-28,2027-03-17,2.965,2.9539,-1.1,-93.6
2025-11-28,2027-04-28,2.9539,2.95,-0.4,-94.0
2025-11-28,2027-06-09,2.95,2.9786,2.9,-91.1
2025-11-28,2027-07-28,2.9786,2.99,1.1,-90.0
2025-11-28,2027-09-15,2.99,2.99,0.0,-90.0
2025-11-28,2027-10-27,2.99,3.015,2.5,-87.5
2025-11-28,2027-12-08,3.015,3.042,2.7,-84.8
2025-12-01,2026-10-28,3.1348,3.085,-5.0,-80.5
2025-12-01,2026-12-09,3.085,3.0286,-5.6,-86.1
2025-12-01,2027-01-27,3.0286,3.01,-1.9,-88.0
2025-12-01,2027-03-17,3.01,2.9989,-1.1,-89.1
2025-12-01,2027-04-28,2.9989,2.995,-0.4,-89.5
2025-12-01,2027-06-09,2.995,3.0236,2.9,-86.6
2025-12-01,2027-07-28,3.0236,3.035,1.1,-85.5
2025-12-01,2027-09-15,3.035,3.035,0.0,-85.5
2025-12-01,2027-10-27,3.035,3.06,2.5,-83.0
2025-12-01,2027-12-08,3.06,3.087,2.7,-80.3
2025-12-02,2026-10-28,3.1098,3.06,-5.0,-83.0
2025-12-02,2026-12-09,3.06,3.0036,-5.6,-88.6
2025-12-02,2027-01-27,3.0036,2.99,-1.4,-90.0
2025-12-02,2027-03-17,2.99,2.9789,-1.1,-91.1
2025-12-02,2027-04-28,2.9789,2.98,0.1,-91.0
2025-12-02,2027-06-09,2.98,3.0086,2.9,-88.1
2025-12-02,2027-07-28,3.0086,3.02,1.1,-87.0
2025-12-02,2027-09-15,3.02,3.02,0.0,-87.0
2025-12-02,2027-10-27,3.02,3.045,2.5,-84.5
2025-12-02,2027-12-08,3.045,3.072,2.7,-81.8
2025-12-03,2026-10-28,3.0848,3.035,-5.0,-85.5
2025-12-03,2026-12-09,3.035,2.9786,-5.6,-91.1
2025-12-03,2027-01-27,2.9786,2.965,-1.4,-92.5
2025-12-03,2027-03-17,2.965,2.9539,-1.1,-93.6
2025-12-03,2027-04-28,2.9539,2.955,0.1,-93.5
2025-12-03,2027-06-09,2.955,2.9836,2.9,-90.6
2025-12-03,2027-07-28,2.9836,2.995,1.1,-89.5
2025-12-03,2027-09-15,2.995,2.995,0.0,-89.5
2025-12-03,2027-10-27,2.995,3.02,2.5,-87.0
2025-12-03,2027-12-08,3.02,3.047,2.7,-84.3
2025-12-04,2026-10-28,3.1343,3.09,-4.4,-80.0
2025-12-04,2026-12-09,3.09,3.0407,-4.9,-84.9
2025-12-04,2027-01-27,3.0407,3.025,-1.6,-86.5
2025-12-04,2027-03-17,3.025,3.0139,-1.1,-87.6
2025-12-04,2027-04-28,3.0139,3.01,-0.4,-88.0
2025-12-04,2027-06-09,3.01,2.9957,-1.4,-89.4
2025-12-04,2027-07-28,2.9957,3.01,1.4,-88.0
2025-12-04,2027-09-15,3.01,3.01,0.0,-88.0
2025-12-04,2027-10-27,3.01,3.035,2.5,-85.5
2025-12-04,2027-12-08,3.035,3.062,2.7,-82.8
2025-12-05,2026-10-28,3.1693,3.125,-4.4,-76.5
2025-12-05,2026-12-09,3.125,3.0757,-4.9,-81.4
2025-12-05,2027-01-27,3.0757,3.065,-1.1,-82.5
2025-12-05,2027-03-17,3.065,3.0539,-1.1,-83.6
2025-12-05,2027-04-28,3.0539,3.055,0.1,-83.5
2025-12-05,2027-06-09,3.055,3.0407,-1.4,-84.9
2025-12-05,2027-07-28,3.0407,3.055,1.4,-83.5
2025-12-05,2027-09-15,3.055,3.055,0.0,-83.5
2025-12-05,2027-10-27,3.055,3.08,2.5,-81.0
2025-12-05,2027-12-08,3.08,3.107,2.7,-78.3
2025-12-08,2026-10-28,3.1937,3.155,-3.9,-73.5
2025-12-08,2026-12-09,3.155,3.1127,-4.2,-77.7
2025-12-08,2027-01-27,3.1127,3.105,-0.8,-78.5
2025-12-08,2027-03-17,3.105,3.0939,-1.1,-79.6
2025-12-08,2027-04-28,3.0939,3.095,0.1,-79.5
2025-12-08,2027-06-09,3.095,3.0807,-1.4,-80.9
2025-12-08,2027-07-28,3.0807,3.095,1.4,-79.5
2025-12-08,2027-09-15,3.095,3.095,0.0,-79.5
2025-12-08,2027-10-27,3.095,3.12,2.5,-77.0
2025-12-08,2027-12-08,3.12,3.147,2.7,-74.3
2025-12-09,2026-10-28,3.2287,3.19,-3.9,-70.0
2025-12-09,2026-12-09,3.19,3.1477,-4.2,-74.2
2025-12-09,2027-01-27,3.1477,3.145,-0.3,-74.5
2025-12-09,2027-03-17,3.145,3.1339,-1.1,-75.6
2025-12-09,2027-04-28,3.1339,3.145,1.1,-74.5
2025-12-09,2027-06-09,3.145,3.1307,-1.4,-75.9
2025-12-09,2027-07-28,3.1307,3.145,1.4,-74.5
2025-12-09,2027-09-15,3.145,3.145,0.0,-74.5
2025-12-09,2027-10-27,3.145,3.17,2.5,-72.0
2025-12-09,2027-12-08,3.17,3.197,2.7,-69.3
2025-12-10,2026-10-28,3.1882,3.155,-3.3,-48.5
2025-12-10,2026-12-09,3.155,3.1127,-4.2,-52.7
2025-12-10,2027-01-27,3.1127,3.12,0.7,-52.0
2025-12-10,2027-03-17,3.12,3.12,0.0,-52.0
2025-12-10,2027-04-28,3.12,3.125,0.5,-51.5
2025-12-10,2027-06-09,3.125,3.1107,-1.4,-52.9
2025-12-10,2027-07-28,3.1107,3.13,1.9,-51.0
2025-12-10,2027-09-15,3.13,3.13,0.0,-51.0
2025-12-10,2027-10-27,3.13,3.155,2.5,-48.5
2025-12-10,2027-12-08,3.155,3.182,2.7,-45.8
2025-12-11,2026-10-28,3.1632,3.13,-3.3,-51.0
2025-12-11,2026-12-09,3.13,3.0877,-4.2,-55.2
2025-12-11,2027-01-27,3.0877,3.095,0.7,-54.5
2025-12-11,2027-03-17,3.095,3.0839,-1.1,-55.6
2025-12-11,2027-04-28,3.0839,3.095,1.1,-54.5
2025-12-11,2027-06-09,3.095,3.0807,-1.4,-55.9
2025-12-11,2027-07-28,3.0807,3.1,1.9,-54.0
2025-12-11,2027-09-15,3.1,3.1,0.0,-54.0
2025-12-11,2027-10-27,3.1,3.125,2.5,-51.5
2025-12-11,2027-12-08,3.125,3.152,2.7,-48.8
2025-12-12,2026-10-28,3.1632,3.13,-3.3,-51.0
2025-12-12,2026-12-09,3.13,3.0948,-3.5,-54.5
2025-12-12,2027-01-27,3.0948,3.1,0.5,-54.0
2025-12-12,2027-03-17,3.1,3.0889,-1.1,-55.1
2025-12-12,2027-04-28,3.0889,3.105,1.6,-53.5
2025-12-12,2027-06-09,3.105,3.0907,-1.4,-54.9
2025-12-12,2027-07-28,3.0907,3.11,1.9,-53.0
2025-12-12,2027-09-15,3.11,3.11,0.0,-53.0
2025-12-12,2027-10-27,3.11,3.135,2.5,-50.5
2025-12-12,2027-12-08,3.135,3.162,2.7,-47.8
2025-12-15,2026-10-28,3.1382,3.105,-3.3,-53.5
2025-12-15,2026-12-09,3.105,3.0698,-3.5,-57.0
2025-12-15,2027-01-27,3.0698,3.075,0.5,-56.5
2025-12-15,2027-03-17,3.075,3.0639,-1.1,-57.6
2025-12-15,2027-04-28,3.0639,3.08,1.6,-56.0
2025-12-15,2027-06-09,3.08,3.0657,-1.4,-57.4
2025-12-15,2027-07-28,3.0657,3.085,1.9,-55.5
2025-12-15,2027-09-15,3.085,3.085,0.0,-55.5
2025-12-15,2027-10-27,3.085,3.11,2.5,-53.0
2025-12-15,2027-12-08,3.11,3.137,2.7,-50.3
2025-12-16,2026-10-28,3.1238,3.085,-3.9,-55.5
2025-12-16,2026-12-09,3.085,3.0427,-4.2,-59.7
2025-12-16,2027-01-27,3.0427,3.05,0.7,-59.0
2025-12-16,2027-03-17,3.05,3.0389,-1.1,-60.1
2025-12-16,2027-04-28,3.0389,3.05,1.1,-59.0
2025-12-16,2027-06-09,3.05,3.0357,-1.4,-60.4
2025-12-16,2027-07-28,3.0357,3.055,1.9,-58.5
2025-12-16,2027-09-15,3.055,3.055,0.0,-58.5
2025-12-16,2027-10-27,3.055,3.08,2.5,-56.0
2025-12-16,2027-12-08,3.08,3.107,2.7,-53.3
2025-12-17,2026-10-28,3.1238,3.085,-3.9,-55.5
2025-12-17,2026-12-09,3.085,3.0427,-4.2,-59.7
2025-12-17,2027-01-27,3.0427,3.05,0.7,-59.0
2025-12-17,2027-03-17,3.05,3.0389,-1.1,-60.1
2025-12-17,2027-04-28,3.0389,3.05,1.1,-59.0
2025-12-17,2027-06-09,3.05,3.0357,-1.4,-60.4
2025-12-17,2027-07-28,3.0357,3.055,1.9,-58.5
2025-12-17,2027-09-15,3.055,3.055,0.0,-58.5
2025-12-17,2027-10-27,3.055,3.08,2.5,-56.0
2025-12-17,2027-12-08,3.08,3.107,2.7,-53.3
2025-12-18,2026-10-28,3.1037,3.065,-3.9,-57.5
2025-12-18,2026-12-09,3.065,3.0227,-4.2,-61.7
2025-12-18,2027-01-27,3.0227,3.03,0.7,-61.0
2025-12-18,2027-03-17,3.03,3.0189,-1.1,-62.1
2025-12-18,2027-04-28,3.0189,3.03,1.1,-61.0
2025-12-18,2027-06-09,3.03,3.0157,-1.4,-62.4
2025-12-18,2027-07-28,3.0157,3.035,1.9,-60.5
2025-12-18,2027-09-15,3.035,3.035,0.0,-60.5
2025-12-18,2027-10-27,3.035,3.06,2.5,-58.0
2025-12-18,2027-12-08,3.06,3.087,2.7,-55.3
2025-12-19,2026-10-28,3.1238,3.085,-3.9,-55.5
2025-12-19,2026-12-09,3.085,3.0427,-4.2,-59.7
2025-12-19,2027-01-27,3.0427,3.045,0.2,-59.5
2025-12-19,2027-03-17,3.045,3.0339,-1.1,-60.6
2025-12-19,2027-04-28,3.0339,3.05,1.6,-59.0
2025-12-19,2027-06-09,3.05,3.0357,-1.4,-60.4
2025-12-19,2027-07-28,3.0357,3.06,2.4,-58.0
2025-12-19,2027-09-15,3.06,3.06,0.0,-58.0
2025-12-19,2027-10-27,3.06,3.085,2.5,-55.5
2025-12-19,2027-12-08,3.085,3.112,2.7,-52.8
2025-12-22,2026-10-28,3.1438,3.105,-3.9,-53.5
2025-12-22,2026-12-09,3.105,3.0627,-4.2,-57.7
2025-12-22,2027-01-27,3.0627,3.065,0.2,-57.5
2025-12-22,2027-03-17,3.065,3.0539,-1.1,-58.6
2025-12-22,2027-04-28,3.0539,3.07,1.6,-57.0
2025-12-22,2027-06-09,3.07,3.0629,-0.7,-57.7
2025-12-22,2027-07-28,3.0629,3.085,2.2,-55.5
2025-12-22,2027-09-15,3.085,3.085,0.0,-55.5
2025-12-22,2027-10-27,3.085,3.11,2.5,-53.0
2025-12-22,2027-12-08,3.11,3.137,2.7,-50.3
2025-12-23,2026-10-28,3.1738,3.135,-3.9,-50.5
2025-12-23,2026-12-09,3.135,3.0998,-3.5,-54.0
2025-12-23,2027-01-27,3.0998,3.105,0.5,-53.5
2025-12-23,2027-03-17,3.105,3.0939,-1.1,-54.6
2025-12-23,2027-04-28,3.0939,3.11,1.6,-53.0
2025-12-23,2027-06-09,3.11,3.1171,0.7,-52.3
2025-12-23,2027-07-28,3.1171,3.135,1.8,-50.5
2025-12-23,2027-09-15,3.135,3.135,0.0,-50.5
2025-12-23,2027-10-27,3.135,3.16,2.5,-48.0
2025-12-23,2027-12-08,3.16,3.1802,2.0,-46.0
2025-12-24,2026-10-28,3.1588,3.12,-3.9,-52.0
2025-12-24,2026-12-09,3.12,3.0848,-3.5,-55.5
2025-12-24,2027-01-27,3.0848,3.09,0.5,-55.0
2025-12-24,2027-03-17,3.09,3.0789,-1.1,-56.1
2025-12-24,2027-04-28,3.0789,3.095,1.6,-54.5
2025-12-24,2027-06-09,3.095,3.1236,2.9,-51.6
2025-12-24,2027-07-28,3.1236,3.135,1.1,-50.5
2025-12-24,2027-09-15,3.135,3.135,0.0,-50.5
2025-12-24,2027-10-27,3.135,3.16,2.5,-48.0
2025-12-24,2027-12-08,3.16,3.1802,2.0,-46.0
2025-12-26,2026-10-28,3.1337,3.095,-3.9,-54.5
2025-12-26,2026-12-09,3.095,3.0598,-3.5,-58.0
2025-12-26,2027-01-27,3.0598,3.065,0.5,-57.5
2025-12-26,2027-03-17,3.065,3.0539,-1.1,-58.6
2025-12-26,2027-04-28,3.0539,3.07,1.6,-57.0
2025-12-26,2027-06-09,3.07,3.0986,2.9,-54.1
2025-12-26,2027-07-28,3.0986,3.11,1.1,-53.0
2025-12-26,2027-09-15,3.11,3.11,0.0,-53.0
2025-12-26,2027-10-27,3.11,3.135,2.5,-50.5
2025-12-26,2027-12-08,3.135,3.1552,2.0,-48.5
2025-12-29,2026-10-28,3.1143,3.07,-4.4,-57.0
2025-12-29,2026-12-09,3.07,3.0348,-3.5,-60.5
2025-12-29,2027-01-27,3.0348,3.035,0.0,-60.5
2025-12-29,2027-03-17,3.035,3.0239,-1.1,-61.6
2025-12-29,2027-04-28,3.0239,3.04,1.6,-60.0
2025-12-29,2027-06-09,3.04,3.0686,2.9,-57.1
2025-12-29,2027-07-28,3.0686,3.06,-0.9,-58.0
2025-12-29,2027-09-15,3.06,3.06,0.0,-58.0
2025-12-29,2027-10-27,3.06,3.085,2.5,-55.5
2025-12-29,2027-12-08,3.085,3.1052,2.0,-53.5
2025-12-30,2026-10-28,3.1193,3.075,-4.4,-56.5
2025-12-30,2026-12-09,3.075,3.0327,-4.2,-60.7
2025-12-30,2027-01-27,3.0327,3.035,0.2,-60.5
2025-12-30,2027-03-17,3.035,3.0239,-1.1,-61.6
2025-12-30,2027-04-28,3.0239,3.04,1.6,-60.0
2025-12-30,2027-06-09,3.04,3.0686,2.9,-57.1
2025-12-30,2027-07-28,3.0686,3.06,-0.9,-58.0
2025-12-30,2027-09-15,3.06,3.06,0.0,-58.0
2025-12-30,2027-10-27,3.06,3.085,2.5,-55.5
2025-12-30,2027-12-08,3.085,3.1052,2.0,-53.5
2025-12-31,2026-10-28,3.1343,3.09,-4.4,-55.0
2025-12-31,2026-12-09,3.09,3.0477,-4.2,-59.2
2025-12-31,2027-01-27,3.0477,3.05,0.2,-59.0
2025-12-31,2027-03-17,3.05,3.0389,-1.1,-60.1
2025-12-31,2027-04-28,3.0389,3.055,1.6,-58.5
2025-12-31,2027-06-09,3.055,3.0836,2.9,-55.6
2025-12-31,2027-07-28,3.0836,3.075,-0.9,-56.5
2025-12-31,2027-09-15,3.075,3.075,0.0,-56.5
2025-12-31,2027-10-27,3.075,3.1,2.5,-54.0
2025-12-31,2027-12-08,3.1,3.1202,2.0,-52.0
2026-01-02,2026-10-28,3.1393,3.095,-4.4,-54.5
2026-01-02,2026-12-09,3.095,3.0598,-3.5,-58.0
2026-01-02,2027-01-27,3.0598,3.06,0.0,-58.0
2026-01-02,2027-03-17,3.06,3.0489,-1.1,-59.1
2026-01-02,2027-04-28,3.0489,3.07,2.1,-57.0
2026-01-02,2027-06-09,3.07,3.0986,2.9,-54.1
2026-01-02,2027-07-28,3.0986,3.09,-0.9,-55.0
2026-01-02,2027-09-15,3.09,3.09,0.0,-55.0
2026-01-02,2027-10-27,3.09,3.115,2.5,-52.5
2026-01-02,2027-12-08,3.115,3.1352,2.0,-50.5
2026-01-05,2026-10-28,3.1243,3.08,-4.4,-56.0
2026-01-05,2026-12-09,3.08,3.0377,-4.2,-60.2
2026-01-05,2027-01-27,3.0377,3.04,0.2,-60.0
2026-01-05,2027-03-17,3.04,3.0289,-1.1,-61.1
2026-01-05,2027-04-28,3.0289,3.05,2.1,-59.0
2026-01-05,2027-06-09,3.05,3.0786,2.9,-56.1
2026-01-05,2027-07-28,3.0786,3.07,-0.9,-57.0
2026-01-05,2027-09-15,3.07,3.07,0.0,-57.0
2026-01-05,2027-10-27,3.07,3.095,2.5,-54.5
2026-01-05,2027-12-08,3.095,3.1152,2.0,-52.5
2026-01-06,2026-10-28,3.1543,3.11,-4.4,-53.0
2026-01-06,2026-12-09,3.11,3.0677,-4.2,-57.2
2026-01-06,2027-01-27,3.0677,3.065,-0.3,-57.5
2026-01-06,2027-03-17,3.065,3.0539,-1.1,-58.6
2026-01-06,2027-04-28,3.0539,3.07,1.6,-57.0
2026-01-06,2027-06-09,3.07,3.0986,2.9,-54.1
2026-01-06,2027-07-28,3.0986,3.09,-0.9,-55.0
2026-01-06,2027-09-15,3.09,3.09,0.0,-55.0
2026-01-06,2027-10-27,3.09,3.115,2.5,-52.5
2026-01-06,2027-12-08,3.115,3.1352,2.0,-50.5
2026-01-07,2026-10-28,3.1498,3.1,-5.0,-54.0
2026-01-07,2026-12-09,3.1,3.0436,-5.6,-59.6
2026-01-07,2027-01-27,3.0436,3.04,-0.4,-60.0
2026-01-07,2027-03-17,3.04,3.0289,-1.1,-61.1
2026-01-07,2027-04-28,3.0289,3.045,1.6,-59.5
2026-01-07,2027-06-09,3.045,3.0736,2.9,-56.6
2026-01-07,2027-07-28,3.0736,3.065,-0.9,-57.5
2026-01-07,2027-09-15,3.065,3.065,0.0,-57.5
2026-01-07,2027-10-27,3.065,3.09,2.5,-55.0
2026-01-07,2027-12-08,3.09,3.1102,2.0,-53.0
2026-01-08,2026-10-28,3.1643,3.12,-4.4,-52.0
2026-01-08,2026-12-09,3.12,3.0707,-4.9,-56.9
2026-01-08,2027-01-27,3.0707,3.065,-0.6,-57.5
2026-01-08,2027-03-17,3.065,3.0539,-1.1,-58.6
2026-01-08,2027-04-28,3.0539,3.07,1.6,-57.0
2026-01-08,2027-06-09,3.07,3.0986,2.9,-54.1
2026-01-08,2027-07-28,3.0986,3.09,-0.9,-55.0
2026-01-08,2027-09-15,3.09,3.09,0.0,-55.0
2026-01-08,2027-10-27,3.09,3.115,2.5,-52.5
2026-01-08,2027-12-08,3.115,3.1352,2.0,-50.5
2026-01-09,2026-10-28,3.2243,3.18,-4.4,-46.0
2026-01-09,2026-12-09,3.18,3.1307,-4.9,-50.9
2026-01-09,2027-01-27,3.1307,3.125,-0.6,-51.5
2026-01-09,2027-03-17,3.125,3.1139,-1.1,-52.6
2026-01-09,2027-04-28,3.1139,3.125,1.1,-51.5
2026-01-09,2027-06-09,3.125,3.1321,0.7,-50.8
2026-01-09,2027-07-28,3.1321,3.14,0.8,-50.0
2026-01-09,2027-09-15,3.14,3.14,0.0,-50.0
2026-01-09,2027-10-27,3.14,3.165,2.5,-47.5
2026-01-09,2027-12-08,3.165,3.1852,2.0,-45.5
2026-01-12,2026-10-28,3.2348,3.185,-5.0,-45.5
2026-01-12,2026-12-09,3.185,3.1286,-5.6,-51.1
2026-01-12,2027-01-27,3.1286,3.125,-0.4,-51.5
2026-01-12,2027-03-17,3.125,3.1139,-1.1,-52.6
2026-01-12,2027-04-28,3.1139,3.13,1.6,-51.0
2026-01-12,2027-06-09,3.13,3.13,0.0,-51.0
2026-01-12,2027-07-28,3.13,3.145,1.5,-49.5
2026-01-12,2027-09-15,3.145,3.145,0.0,-49.5
2026-01-12,2027-10-27,3.145,3.17,2.5,-47.0
2026-01-12,2027-12-08,3.17,3.1902,2.0,-45.0
2026-01-13,2026-10-28,3.2204,3.165,-5.5,-47.5
2026-01-13,2026-12-09,3.165,3.1016,-6.3,-53.8
2026-01-13,2027-01-27,3.1016,3.1,-0.2,-54.0
2026-01-13,2027-03-17,3.1,3.0889,-1.1,-55.1
2026-01-13,2027-04-28,3.0889,3.1,1.1,-54.0
2026-01-13,2027-06-09,3.1,3.1,0.0,-54.0
2026-01-13,2027-07-28,3.1,3.115,1.5,-52.5
2026-01-13,2027-09-15,3.115,3.115,0.0,-52.5
2026-01-13,2027-10-27,3.115,3.14,2.5,-50.0
2026-01-13,2027-12-08,3.14,3.1602,2.0,-48.0
2026-01-14,2026-10-28,3.2054,3.15,-5.5,-49.0
2026-01-14,2026-12-09,3.15,3.0866,-6.3,-55.3
2026-01-14,2027-01-27,3.0866,3.085,-0.2,-55.5
2026-01-14,2027-03-17,3.085,3.0739,-1.1,-56.6
2026-01-14,2027-04-28,3.0739,3.08,0.6,-56.0
2026-01-14,2027-06-09,3.08,3.08,0.0,-56.0
2026-01-14,2027-07-28,3.08,3.095,1.5,-54.5
2026-01-14,2027-09-15,3.095,3.095,0.0,-54.5
2026-01-14,2027-10-27,3.095,3.12,2.5,-52.0
2026-01-14,2027-12-08,3.12,3.1402,2.0,-50.0
2026-01-15,2026-10-28,3.2698,3.22,-5.0,-42.0
2026-01-15,2026-12-09,3.22,3.1636,-5.6,-47.6
2026-01-15,2027-01-27,3.1636,3.16,-0.4,-48.0
2026-01-15,2027-03-17,3.16,3.1489,-1.1,-49.1
2026-01-15,2027-04-28,3.1489,3.16,1.1,-48.0
2026-01-15,2027-06-09,3.16,3.16,0.0,-48.0
2026-01-15,2027-07-28,3.16,3.17,1.0,-47.0
2026-01-15,2027-09-15,3.17,3.17,0.0,-47.0
2026-01-15,2027-10-27,3.17,3.195,2.5,-44.5
2026-01-15,2027-12-08,3.195,3.1478,-4.7,-49.2
2026-01-16,2026-10-28,3.2843,3.24,-4.4,-40.0
2026-01-16,2026-12-09,3.24,3.1907,-4.9,-44.9
2026-01-16,2027-01-27,3.1907,3.19,-0.1,-45.0
2026-01-16,2027-03-17,3.19,3.1789,-1.1,-46.1
2026-01-16,2027-04-28,3.1789,3.195,1.6,-44.5
2026-01-16,2027-06-09,3.195,3.195,0.0,-44.5
2026-01-16,2027-07-28,3.195,3.205,1.0,-43.5
2026-01-16,2027-09-15,3.205,3.205,0.0,-43.5
2026-01-16,2027-10-27,3.205,3.23,2.5,-41.0
2026-01-16,2027-12-08,3.23,3.1828,-4.7,-45.7
2026-01-20,2026-10-28,3.2693,3.225,-4.4,-41.5
2026-01-20,2026-12-09,3.225,3.1686,-5.6,-47.1
2026-01-20,2027-01-27,3.1686,3.175,0.6,-46.5
2026-01-20,2027-03-17,3.175,3.175,0.0,-46.5
2026-01-20,2027-04-28,3.175,3.19,1.5,-45.0
2026-01-20,2027-06-09,3.19,3.19,0.0,-45.0
2026-01-20,2027-07-28,3.19,3.22,3.0,-42.0
2026-01-20,2027-09-15,3.22,3.22,0.0,-42.0
2026-01-20,2027-10-27,3.22,3.245,2.5,-39.5
2026-01-20,2027-12-08,3.245,3.1978,-4.7,-44.2
2026-01-21,2026-10-28,3.2898,3.24,-5.0,-40.0
2026-01-21,2026-12-09,3.24,3.1907,-4.9,-44.9
2026-01-21,2027-01-27,3.1907,3.195,0.4,-44.5
2026-01-21,2027-03-17,3.195,3.195,0.0,-44.5
2026-01-21,2027-04-28,3.195,3.21,1.5,-43.0
2026-01-21,2027-06-09,3.21,3.21,0.0,-43.0
2026-01-21,2027-07-28,3.21,3.24,3.0,-40.0
2026-01-21,2027-09-15,3.24,3.24,0.0,-40.0
2026-01-21,2027-10-27,3.24,3.265,2.5,-37.5
2026-01-21,2027-12-08,3.265,3.2178,-4.7,-42.2
2026-01-22,2026-10-28,3.3043,3.26,-4.4,-38.0
2026-01-22,2026-12-09,3.26,3.2107,-4.9,-42.9
2026-01-22,2027-01-27,3.2107,3.215,0.4,-42.5
2026-01-22,2027-03-17,3.215,3.215,0.0,-42.5
2026-01-22,2027-04-28,3.215,3.23,1.5,-41.0
2026-01-22,2027-06-09,3.23,3.23,0.0,-41.0
2026-01-22,2027-07-28,3.23,3.26,3.0,-38.0
2026-01-22,2027-09-15,3.26,3.26,0.0,-38.0
2026-01-22,2027-10-27,3.26,3.285,2.5,-35.5
2026-01-22,2027-12-08,3.285,3.2378,-4.7,-40.2
2026-01-23,2026-10-28,3.2943,3.25,-4.4,-39.0
2026-01-23,2026-12-09,3.25,3.2007,-4.9,-43.9
2026-01-23,2027-01-27,3.2007,3.2,-0.1,-44.0
2026-01-23,2027-03-17,3.2,3.2,0.0,-44.0
2026-01-23,2027-04-28,3.2,3.215,1.5,-42.5
2026-01-23,2027-06-09,3.215,3.215,0.0,-42.5
2026-01-23,2027-07-28,3.215,3.245,3.0,-39.5
2026-01-23,2027-09-15,3.245,3.245,0.0,-39.5
2026-01-23,2027-10-27,3.245,3.27,2.5,-37.0
2026-01-23,2027-12-08,3.27,3.2228,-4.7,-41.7
2026-01-26,2026-10-28,3.2748,3.225,-5.0,-41.5
2026-01-26,2026-12-09,3.225,3.1757,-4.9,-46.4
2026-01-26,2027-01-27,3.1757,3.18,0.4,-46.0
2026-01-26,2027-03-17,3.18,3.18,0.0,-46.0
2026-01-26,2027-04-28,3.18,3.195,1.5,-44.5
2026-01-26,2027-06-09,3.195,3.195,0.0,-44.5
2026-01-26,2027-07-28,3.195,3.225,3.0,-41.5
2026-01-26,2027-09-15,3.225,3.225,0.0,-41.5
2026-01-26,2027-10-27,3.225,3.25,2.5,-39.0
2026-01-26,2027-12-08,3.25,3.2028,-4.7,-43.7
2026-01-27,2026-10-28,3.2498,3.2,-5.0,-44.0
2026-01-27,2026-12-09,3.2,3.1507,-4.9,-48.9
2026-01-27,2027-01-27,3.1507,3.15,-0.1,-49.0
2026-01-27,2027-03-17,3.15,3.15,0.0,-49.0
2026-01-27,2027-04-28,3.15,3.165,1.5,-47.5
2026-01-27,2027-06-09,3.165,3.165,0.0,-47.5
2026-01-27,2027-07-28,3.165,3.195,3.0,-44.5
2026-01-27,2027-09-15,3.195,3.195,0.0,-44.5
2026-01-27,2027-10-27,3.195,3.22,2.5,-42.0
2026-01-27,2027-12-08,3.22,3.1728,-4.7,-46.7
2026-01-28,2026-10-28,3.2698,3.22,-5.0,-42.0
2026-01-28,2026-12-09,3.22,3.1707,-4.9,-46.9
2026-01-28,2027-01-27,3.1707,3.175,0.4,-46.5
2026-01-28,2027-03-17,3.175,3.175,0.0,-46.5
2026-01-28,2027-04-28,3.175,3.195,2.0,-44.5
2026-01-28,2027-06-09,3.195,3.2093,1.4,-43.1
2026-01-28,2027-07-28,3.2093,3.235,2.6,-40.5
2026-01-28,2027-09-15,3.235,3.235,0.0,-40.5
2026-01-28,2027-10-27,3.235,3.26,2.5,-38.0
2026-01-28,2027-12-08,3.26,3.2128,-4.7,-42.7
2026-01-29,2026-10-28,3.2554,3.2,-5.5,-44.0
2026-01-29,2026-12-09,3.2,3.1507,-4.9,-48.9
2026-01-29,2027-01-27,3.1507,3.15,-0.1,-49.0
2026-01-29,2027-03-17,3.15,3.15,0.0,-49.0
2026-01-29,2027-04-28,3.15,3.165,1.5,-47.5
2026-01-29,2027-06-09,3.165,3.1793,1.4,-46.1
2026-01-29,2027-07-28,3.1793,3.205,2.6,-43.5
2026-01-29,2027-09-15,3.205,3.205,0.0,-43.5
2026-01-29,2027-10-27,3.205,3.23,2.5,-41.0
2026-01-29,2027-12-08,3.23,3.1828,-4.7,-45.7
2026-01-30,2026-10-28,3.2209,3.16,-6.1,-48.0
2026-01-30,2026-12-09,3.16,3.1036,-5.6,-53.6
2026-01-30,2027-01-27,3.1036,3.105,0.1,-53.5
2026-01-30,2027-03-17,3.105,3.105,0.0,-53.5
2026-01-30,2027-04-28,3.105,3.12,1.5,-52.0
2026-01-30,2027-06-09,3.12,3.1343,1.4,-50.6
2026-01-30,2027-07-28,3.1343,3.16,2.6,-48.0
2026-01-30,2027-09-15,3.16,3.16,0.0,-48.0
2026-01-30,2027-10-27,3.16,3.185,2.5,-45.5
2026-01-30,2027-12-08,3.185,3.1378,-4.7,-50.2
2026-02-02,2026-10-28,3.2654,3.21,-5.5,-43.0
2026-02-02,2026-12-09,3.21,3.1536,-5.6,-48.6
2026-02-02,2027-01-27,3.1536,3.155,0.1,-48.5
2026-02-02,2027-03-17,3.155,3.155,0.0,-48.5
2026-02-02,2027-04-28,3.155,3.17,1.5,-47.0
2026-02-02,2027-06-09,3.17,3.1843,1.4,-45.6
2026-02-02,2027-07-28,3.1843,3.205,2.1,-43.5
2026-02-02,2027-09-15,3.205,3.205,0.0,-43.5
2026-02-02,2027-10-27,3.205,3.23,2.5,-41.0
2026-02-02,2027-12-08,3.23,3.1828,-4.7,-45.7
2026-02-03,2026-10-28,3.2709,3.21,-6.1,-43.0
2026-02-03,2026-12-09,3.21,3.1466,-6.3,-49.3
2026-02-03,2027-01-27,3.1466,3.15,0.3,-49.0
2026-02-03,2027-03-17,3.15,3.15,0.0,-49.0
2026-02-03,2027-04-28,3.15,3.165,1.5,-47.5
2026-02-03,2027-06-09,3.165,3.1793,1.4,-46.1
2026-02-03,2027-07-28,3.1793,3.2,2.1,-44.0
2026-02-03,2027-09-15,3.2,3.2,0.0,-44.0
2026-02-03,2027-10-27,3.2,3.225,2.5,-41.5
2026-02-03,2027-12-08,3.225,3.1711,-5.4,-46.9
2026-02-04,2026-10-28,3.2659,3.205,-6.1,-43.5
2026-02-04,2026-12-09,3.205,3.1416,-6.3,-49.8
2026-02-04,2027-01-27,3.1416,3.145,0.3,-49.5
2026-02-04,2027-03-17,3.145,3.145,0.0,-49.5
2026-02-04,2027-04-28,3.145,3.16,1.5,-48.0
2026-02-04,2027-06-09,3.16,3.1743,1.4,-46.6
2026-02-04,2027-07-28,3.1743,3.195,2.1,-44.5
2026-02-04,2027-09-15,3.195,3.195,0.0,-44.5
2026-02-04,2027-10-27,3.195,3.225,3.0,-41.5
2026-02-04,2027-12-08,3.225,3.1711,-5.4,-46.9
2026-02-05,2026-10-28,3.1759,3.115,-6.1,-52.5
2026-02-05,2026-12-09,3.115,3.0586,-5.6,-58.1
2026-02-05,2027-01-27,3.0586,3.065,0.6,-57.5
2026-02-05,2027-03-17,3.065,3.065,0.0,-57.5
2026-02-05,2027-04-28,3.065,3.08,1.5,-56.0
2026-02-05,2027-06-09,3.08,3.0943,1.4,-54.6
2026-02-05,2027-07-28,3.0943,3.115,2.1,-52.5
2026-02-05,2027-09-15,3.115,3.115,0.0,-52.5
2026-02-05,2027-10-27,3.115,3.145,3.0,-49.5
2026-02-05,2027-12-08,3.145,3.0911,-5.4,-54.9
2026-02-06,2026-10-28,3.1954,3.14,-5.5,-50.0
2026-02-06,2026-12-09,3.14,3.0836,-5.6,-55.6
2026-02-06,2027-01-27,3.0836,3.085,0.1,-55.5
2026-02-06,2027-03-17,3.085,3.085,0.0,-55.5
2026-02-06,2027-04-28,3.085,3.1,1.5,-54.0
2026-02-06,2027-06-09,3.1,3.1071,0.7,-53.3
2026-02-06,2027-07-28,3.1071,3.13,2.3,-51.0
2026-02-06,2027-09-15,3.13,3.13,0.0,-51.0
2026-02-06,2027-10-27,3.13,3.16,3.0,-48.0
2026-02-06,2027-12-08,3.16,3.1061,-5.4,-53.4
2026-02-09,2026-10-28,3.1804,3.125,-5.5,-51.5
2026-02-09,2026-12-09,3.125,3.0686,-5.6,-57.1
2026-02-09,2027-01-27,3.0686,3.07,0.1,-57.0
2026-02-09,2027-03-17,3.07,3.07,0.0,-57.0
2026-02-09,2027-04-28,3.07,3.085,1.5,-55.5
2026-02-09,2027-06-09,3.085,3.0921,0.7,-54.8
2026-02-09,2027-07-28,3.0921,3.115,2.3,-52.5
2026-02-09,2027-09-15,3.115,3.115,0.0,-52.5
2026-02-09,2027-10-27,3.115,3.145,3.0,-49.5
2026-02-09,2027-12-08,3.145,3.0911,-5.4,-54.9
2026-02-10,2026-10-28,3.1659,3.105,-6.1,-53.5
2026-02-10,2026-12-09,3.105,3.0416,-6.3,-59.8
2026-02-10,2027-01-27,3.0416,3.04,-0.2,-60.0
2026-02-10,2027-03-17,3.04,3.0289,-1.1,-61.1
2026-02-10,2027-04-28,3.0289,3.04,1.1,-60.0
2026-02-10,2027-06-09,3.04,3.0471,0.7,-59.3
2026-02-10,2027-07-28,3.0471,3.07,2.3,-57.0
2026-02-10,2027-09-15,3.07,3.07,0.0,-57.0
2026-02-10,2027-10-27,3.07,3.1,3.0,-54.0
2026-02-10,2027-12-08,3.1,3.0461,-5.4,-59.4
2026-02-11,2026-10-28,3.2464,3.18,-6.6,-46.0
2026-02-11,2026-12-09,3.18,3.1095,-7.0,-53.0
2026-02-11,2027-01-27,3.1095,3.095,-1.5,-54.5
2026-02-11,2027-03-17,3.095,3.0839,-1.1,-55.6
2026-02-11,2027-04-28,3.0839,3.095,1.1,-54.5
2026-02-11,2027-06-09,3.095,3.1021,0.7,-53.8
2026-02-11,2027-07-28,3.1021,3.125,2.3,-51.5
2026-02-11,2027-09-15,3.125,3.125,0.0,-51.5
2026-02-11,2027-10-27,3.125,3.155,3.0,-48.5
2026-02-11,2027-12-08,3.155,3.1011,-5.4,-53.9
2026-02-12,2026-10-28,3.212,3.14,-7.2,-50.0
2026-02-12,2026-12-09,3.14,3.0625,-7.8,-57.8
2026-02-12,2027-01-27,3.0625,3.045,-1.7,-59.5
2026-02-12,2027-03-17,3.045,3.0339,-1.1,-60.6
2026-02-12,2027-04-28,3.0339,3.04,0.6,-60.0
2026-02-12,2027-06-09,3.04,3.04,0.0,-60.0
2026-02-12,2027-07-28,3.04,3.06,2.0,-58.0
2026-02-12,2027-09-15,3.06,3.06,0.0,-58.0
2026-02-12,2027-10-27,3.06,3.09,3.0,-55.0
2026-02-12,2027-12-08,3.09,3.0361,-5.4,-60.4
2026-02-13,2026-10-28,3.1736,3.085,-8.9,-55.5
2026-02-13,2026-12-09,3.085,3.0005,-8.5,-63.9
2026-02-13,2027-01-27,3.0005,2.975,-2.5,-66.5
2026-02-13,2027-03-17,2.975,2.9529,-2.2,-68.7
2026-02-13,2027-04-28,2.9529,2.96,0.7,-68.0
2026-02-13,2027-06-09,2.96,2.96,0.0,-68.0
2026-02-13,2027-07-28,2.96,2.975,1.5,-66.5
2026-02-13,2027-09-15,2.975,2.975,0.0,-66.5
2026-02-13,2027-10-27,2.975,3.005,3.0,-63.5
2026-02-13,2027-12-08,3.005,2.9511,-5.4,-68.9
2026-02-17,2026-10-28,3.213,3.13,-8.3,-51.0
2026-02-17,2026-12-09,3.13,3.0455,-8.5,-59.5
2026-02-17,2027-01-27,3.0455,3.015,-3.0,-62.5
2026-02-17,2027-03-17,3.015,2.9929,-2.2,-64.7
2026-02-17,2027-04-28,2.9929,2.99,-0.3,-65.0
2026-02-17,2027-06-09,2.99,2.99,0.0,-65.0
2026-02-17,2027-07-28,2.99,3.0,1.0,-64.0
2026-02-17,2027-09-15,3.0,3.0,0.0,-64.0
2026-02-17,2027-10-27,3.0,3.03,3.0,-61.0
2026-02-17,2027-12-08,3.03,2.9761,-5.4,-66.4
2026-02-18,2026-10-28,3.2225,3.145,-7.8,-49.5
2026-02-18,2026-12-09,3.145,3.0605,-8.5,-57.9
2026-02-18,2027-01-27,3.0605,3.035,-2.5,-60.5
2026-02-18,2027-03-17,3.035,3.0129,-2.2,-62.7
2026-02-18,2027-04-28,3.0129,3.01,-0.3,-63.0
2026-02-18,2027-06-09,3.01,3.01,0.0,-63.0
2026-02-18,2027-07-28,3.01,3.02,1.0,-62.0
2026-02-18,2027-09-15,3.02,3.02,0.0,-62.0
2026-02-18,2027-10-27,3.02,3.05,3.0,-59.0
2026-02-18,2027-12-08,3.05,2.9961,-5.4,-64.4
2026-02-19,2026-10-28,3.2386,3.15,-8.9,-49.0
2026-02-19,2026-12-09,3.15,3.0655,-8.5,-57.5
2026-02-19,2027-01-27,3.0655,3.04,-2.5,-60.0
2026-02-19,2027-03-17,3.04,3.0179,-2.2,-62.2
2026-02-19,2027-04-28,3.0179,3.015,-0.3,-62.5
2026-02-19,2027-06-09,3.015,3.015,0.0,-62.5
2026-02-19,2027-07-28,3.015,3.02,0.5,-62.0
2026-02-19,2027-09-15,3.02,3.02,0.0,-62.0
2026-02-19,2027-10-27,3.02,3.05,3.0,-59.0
2026-02-19,2027-12-08,3.05,2.9961,-5.4,-64.4
2026-02-20,2026-10-28,3.258,3.175,-8.3,-46.5
2026-02-20,2026-12-09,3.175,3.0834,-9.2,-55.7
2026-02-20,2027-01-27,3.0834,3.055,-2.8,-58.5
2026-02-20,2027-03-17,3.055,3.0329,-2.2,-60.7
2026-02-20,2027-04-28,3.0329,3.03,-0.3,-61.0
2026-02-20,2027-06-09,3.03,3.0229,-0.7,-61.7
2026-02-20,2027-07-28,3.0229,3.03,0.7,-61.0
2026-02-20,2027-09-15,3.03,3.03,0.0,-61.0
2026-02-20,2027-10-27,3.03,3.06,3.0,-58.0
2026-02-20,2027-12-08,3.06,3.0061,-5.4,-63.4
2026-02-23,2026-10-28,3.238,3.155,-8.3,-48.5
2026-02-23,2026-12-09,3.155,3.0493,-10.6,-59.1
2026-02-23,2027-01-27,3.0493,3.015,-3.4,-62.5
2026-02-23,2027-03-17,3.015,2.9707,-4.4,-66.9
2026-02-23,2027-04-28,2.9707,2.97,-0.1,-67.0
2026-02-23,2027-06-09,2.97,2.9629,-0.7,-67.7
2026-02-23,2027-07-28,2.9629,2.965,0.2,-67.5
2026-02-23,2027-09-15,2.965,2.965,0.0,-67.5
2026-02-23,2027-10-27,2.965,2.99,2.5,-65.0
2026-02-23,2027-12-08,2.99,2.9361,-5.4,-70.4
2026-02-24,2026-10-28,3.268,3.185,-8.3,-45.5
2026-02-24,2026-12-09,3.185,3.0864,-9.9,-55.4
2026-02-24,2027-01-27,3.0864,3.05,-3.6,-59.0
2026-02-24,2027-03-17,3.05,3.0057,-4.4,-63.4
2026-02-24,2027-04-28,3.0057,3.005,-0.1,-63.5
2026-02-24,2027-06-09,3.005,2.9907,-1.4,-64.9
2026-02-24,2027-07-28,2.9907,2.99,-0.1,-65.0
2026-02-24,2027-09-15,2.99,2.99,0.0,-65.0
2026-02-24,2027-10-27,2.99,3.015,2.5,-62.5
2026-02-24,2027-12-08,3.015,2.9611,-5.4,-67.9
2026-02-25,2026-10-28,3.2875,3.21,-7.8,-43.0
2026-02-25,2026-12-09,3.21,3.1043,-10.6,-53.6
2026-02-25,2027-01-27,3.1043,3.08,-2.4,-56.0
2026-02-25,2027-03-17,3.08,3.0468,-3.3,-59.3
2026-02-25,2027-04-28,3.0468,3.04,-0.7,-60.0
2026-02-25,2027-06-09,3.04,3.0257,-1.4,-61.4
2026-02-25,2027-07-28,3.0257,3.025,-0.1,-61.5
2026-02-25,2027-09-15,3.025,3.025,0.0,-61.5
2026-02-25,2027-10-27,3.025,3.03,0.5,-61.0
2026-02-25,2027-12-08,3.03,2.9761,-5.4,-66.4
2026-02-26,2026-10-28,3.278,3.195,-8.3,-44.5
2026-02-26,2026-12-09,3.195,3.0823,-11.3,-55.8
2026-02-26,2027-01-27,3.0823,3.055,-2.7,-58.5
2026-02-26,2027-03-17,3.055,3.0218,-3.3,-61.8
2026-02-26,2027-04-28,3.0218,3.01,-1.2,-63.0
2026-02-26,2027-06-09,3.01,2.9957,-1.4,-64.4
2026-02-26,2027-07-28,2.9957,2.995,-0.1,-64.5
2026-02-26,2027-09-15,2.995,2.995,0.0,-64.5
2026-02-26,2027-10-27,2.995,3.0,0.5,-64.0
2026-02-26,2027-12-08,3.0,2.9461,-5.4,-69.4
2026-02-27,2026-10-28,3.2241,3.13,-9.4,-51.0
2026-02-27,2026-12-09,3.13,3.0173,-11.3,-62.3
2026-02-27,2027-01-27,3.0173,2.98,-3.7,-66.0
2026-02-27,2027-03-17,2.98,2.9357,-4.4,-70.4
2026-02-27,2027-04-28,2.9357,2.925,-1.1,-71.5
2026-02-27,2027-06-09,2.925,2.9107,-1.4,-72.9
2026-02-27,2027-07-28,2.9107,2.91,-0.1,-73.0
2026-02-27,2027-09-15,2.91,2.91,0.0,-73.0
2026-02-27,2027-10-27,2.91,2.9,-1.0,-74.0
2026-02-27,2027-12-08,2.9,2.8461,-5.4,-79.4
2026-03-02,2026-10-28,3.3075,3.23,-7.7,-41.0
2026-03-02,2026-12-09,3.23,3.1314,-9.9,-50.9
2026-03-02,2027-01-27,3.1314,3.105,-2.6,-53.5
2026-03-02,2027-03-17,3.105,3.0607,-4.4,-57.9
2026-03-02,2027-04-28,3.0607,3.05,-1.1,-59.0
2026-03-02,2027-06-09,3.05,3.0357,-1.4,-60.4
2026-03-02,2027-07-28,3.0357,3.035,-0.1,-60.5
2026-03-02,2027-09-15,3.035,3.015,-2.0,-62.5
2026-03-02,2027-10-27,3.015,3.015,-0.0,-62.5
2026-03-02,2027-12-08,3.015,2.9611,-5.4,-67.9
2026-03-03,2026-10-28,3.3264,3.26,-6.6,-38.0
2026-03-03,2026-12-09,3.26,3.1614,-9.9,-47.9
2026-03-03,2027-01-27,3.1614,3.145,-1.6,-49.5
2026-03-03,2027-03-17,3.145,3.1007,-4.4,-53.9
2026-03-03,2027-04-28,3.1007,3.09,-1.1,-55.0
2026-03-03,2027-06-09,3.09,3.0614,-2.9,-57.9
2026-03-03,2027-07-28,3.0614,3.055,-0.6,-58.5
2026-03-03,2027-09-15,3.055,3.025,-3.0,-61.5
2026-03-03,2027-10-27,3.025,3.03,0.5,-61.0
2026-03-03,2027-12-08,3.03,2.9761,-5.4,-66.4
2026-03-04,2026-10-28,3.3714,3.305,-6.6,-33.5
2026-03-04,2026-12-09,3.305,3.2134,-9.2,-42.7
2026-03-04,2027-01-27,3.2134,3.19,-2.3,-45.0
2026-03-04,2027-03-17,3.19,3.1457,-4.4,-49.4
2026-03-04,2027-04-28,3.1457,3.135,-1.1,-50.5
2026-03-04,2027-06-09,3.135,3.1064,-2.9,-53.4
2026-03-04,2027-07-28,3.1064,3.095,-1.1,-54.5
2026-03-04,2027-09-15,3.095,3.065,-3.0,-57.5
2026-03-04,2027-10-27,3.065,3.07,0.5,-57.0
2026-03-04,2027-12-08,3.07,3.0161,-5.4,-62.4
2026-03-05,2026-10-28,3.4004,3.345,-5.5,-29.5
2026-03-05,2026-12-09,3.345,3.2605,-8.5,-38.0
2026-03-05,2027-01-27,3.2605,3.25,-1.0,-39.0
2026-03-05,2027-03-17,3.25,3.2168,-3.3,-42.3
2026-03-05,2027-04-28,3.2168,3.205,-1.2,-43.5
2026-03-05,2027-06-09,3.205,3.1764,-2.9,-46.4
2026-03-05,2027-07-28,3.1764,3.17,-0.6,-47.0
2026-03-05,2027-09-15,3.17,3.14,-3.0,-50.0
2026-03-05,2027-10-27,3.14,3.145,0.5,-49.5
2026-03-05,2027-12-08,3.145,3.0911,-5.4,-54.9
2026-03-06,2026-10-28,3.3454,3.29,-5.5,-35.0
2026-03-06,2026-12-09,3.29,3.2125,-7.8,-42.8
2026-03-06,2027-01-27,3.2125,3.2,-1.2,-44.0
2026-03-06,2027-03-17,3.2,3.1779,-2.2,-46.2
2026-03-06,2027-04-28,3.1779,3.165,-1.3,-47.5
2026-03-06,2027-06-09,3.165,3.1364,-2.9,-50.4
2026-03-06,2027-07-28,3.1364,3.13,-0.6,-51.0
2026-03-06,2027-09-15,3.13,3.1,-3.0,-54.0
2026-03-06,2027-10-27,3.1,3.105,0.5,-53.5
2026-03-06,2027-12-08,3.105,3.0511,-5.4,-58.9
2026-03-09,2026-10-28,3.3898,3.34,-5.0,-30.0
2026-03-09,2026-12-09,3.34,3.2625,-7.8,-37.7
2026-03-09,2027-01-27,3.2625,3.25,-1.2,-39.0
2026-03-09,2027-03-17,3.25,3.2279,-2.2,-41.2
2026-03-09,2027-04-28,3.2279,3.215,-1.3,-42.5
2026-03-09,2027-06-09,3.215,3.1864,-2.9,-45.4
2026-03-09,2027-07-28,3.1864,3.18,-0.6,-46.0
2026-03-09,2027-09-15,3.18,3.15,-3.0,-49.0
2026-03-09,2027-10-27,3.15,3.155,0.5,-48.5
2026-03-09,2027-12-08,3.155,3.1011,-5.4,-53.9
2026-03-10,2026-10-28,3.3654,3.31,-5.5,-33.0
2026-03-10,2026-12-09,3.31,3.2325,-7.8,-40.8
2026-03-10,2027-01-27,3.2325,3.22,-1.2,-42.0
2026-03-10,2027-03-17,3.22,3.1979,-2.2,-44.2
2026-03-10,2027-04-28,3.1979,3.185,-1.3,-45.5
2026-03-10,2027-06-09,3.185,3.1564,-2.9,-48.4
2026-03-10,2027-07-28,3.1564,3.15,-0.6,-49.0
2026-03-10,2027-09-15,3.15,3.12,-3.0,-52.0
2026-03-10,2027-10-27,3.12,3.125,0.5,-51.5
2026-03-10,2027-12-08,3.125,3.0711,-5.4,-56.9
2026-03-11,2026-10-28,3.4238,3.385,-3.9,-25.5
2026-03-11,2026-12-09,3.385,3.3216,-6.3,-31.8
2026-03-11,2027-01-27,3.3216,3.31,-1.2,-33.0
2026-03-11,2027-03-17,3.31,3.2879,-2.2,-35.2
2026-03-11,2027-04-28,3.2879,3.275,-1.3,-36.5
2026-03-11,2027-06-09,3.275,3.2464,-2.9,-39.4
2026-03-11,2027-07-28,3.2464,3.24,-0.6,-40.0
2026-03-11,2027-09-15,3.24,3.21,-3.0,-43.0
2026-03-11,2027-10-27,3.21,3.215,0.5,-42.5
2026-03-11,2027-12-08,3.215,3.1611,-5.4,-47.9
2026-03-12,2026-10-28,3.5266,3.51,-1.7,-13.0
2026-03-12,2026-12-09,3.51,3.4677,-4.2,-17.2
2026-03-12,2027-01-27,3.4677,3.465,-0.3,-17.5
2026-03-12,2027-03-17,3.465,3.4539,-1.1,-18.6
2026-03-12,2027-04-28,3.4539,3.45,-0.4,-19.0
2026-03-12,2027-06-09,3.45,3.4214,-2.9,-21.9
2026-03-12,2027-07-28,3.4214,3.415,-0.6,-22.5
2026-03-12,2027-09-15,3.415,3.385,-3.0,-25.5
2026-03-12,2027-10-27,3.385,3.38,-0.5,-26.0
2026-03-12,2027-12-08,3.38,3.1576,-22.2,-48.2
2026-03-13,2026-10-28,3.5021,3.48,-2.2,-16.0
2026-03-13,2026-12-09,3.48,3.4236,-5.6,-21.6
2026-03-13,2027-01-27,3.4236,3.425,0.1,-21.5
2026-03-13,2027-03-17,3.425,3.4139,-1.1,-22.6
2026-03-13,2027-04-28,3.4139,3.41,-0.4,-23.0
2026-03-13,2027-06-09,3.41,3.3814,-2.9,-25.9
2026-03-13,2027-07-28,3.3814,3.375,-0.6,-26.5
2026-03-13,2027-09-15,3.375,3.345,-3.0,-29.5
2026-03-13,2027-10-27,3.345,3.34,-0.5,-30.0
2026-03-13,2027-12-08,3.34,3.1176,-22.2,-52.2
2026-03-16,2026-10-28,3.4832,3.45,-3.3,-19.0
2026-03-16,2026-12-09,3.45,3.3866,-6.3,-25.3
2026-03-16,2027-01-27,3.3866,3.37,-1.7,-27.0
2026-03-16,2027-03-17,3.37,3.3589,-1.1,-28.1
2026-03-16,2027-04-28,3.3589,3.35,-0.9,-29.0
2026-03-16,2027-06-09,3.35,3.3214,-2.9,-31.9
2026-03-16,2027-07-28,3.3214,3.315,-0.6,-32.5
2026-03-16,2027-09-15,3.315,3.285,-3.0,-35.5
2026-03-16,2027-10-27,3.285,3.28,-0.5,-36.0
2026-03-16,2027-12-08,3.28,3.0576,-22.2,-58.2
2026-03-17,2026-10-28,3.4782,3.445,-3.3,-19.5
2026-03-17,2026-12-09,3.445,3.3745,-7.0,-26.6
2026-03-17,2027-01-27,3.3745,3.365,-1.0,-27.5
2026-03-17,2027-03-17,3.365,3.3429,-2.2,-29.7
2026-03-17,2027-04-28,3.3429,3.34,-0.3,-30.0
2026-03-17,2027-06-09,3.34,3.3114,-2.9,-32.9
2026-03-17,2027-07-28,3.3114,3.295,-1.6,-34.5
2026-03-17,2027-09-15,3.295,3.265,-3.0,-37.5
2026-03-17,2027-10-27,3.265,3.26,-0.5,-38.0
2026-03-17,2027-12-08,3.26,3.0376,-22.2,-60.2
2026-03-18,2026-10-28,3.5421,3.52,-2.2,-12.0
2026-03-18,2026-12-09,3.52,3.4636,-5.6,-17.6
2026-03-18,2027-01-27,3.4636,3.455,-0.9,-18.5
2026-03-18,2027-03-17,3.455,3.4329,-2.2,-20.7
2026-03-18,2027-04-28,3.4329,3.43,-0.3,-21.0
2026-03-18,2027-06-09,3.43,3.3943,-3.6,-24.6
2026-03-18,2027-07-28,3.3943,3.38,-1.4,-26.0
2026-03-18,2027-09-15,3.38,3.35,-3.0,-29.0
2026-03-18,2027-10-27,3.35,3.345,-0.5,-29.5
2026-03-18,2027-12-08,3.345,3.1226,-22.2,-51.7
2026-03-19,2026-10-28,3.655,3.655,0.0,1.5
2026-03-19,2026-12-09,3.655,3.6198,-3.5,-2.0
2026-03-19,2027-01-27,3.6198,3.615,-0.5,-2.5
2026-03-19,2027-03-17,3.615,3.6039,-1.1,-3.6
2026-03-19,2027-04-28,3.6039,3.59,-1.4,-5.0
2026-03-19,2027-06-09,3.59,3.5543,-3.6,-8.6
2026-03-19,2027-07-28,3.5543,3.515,-3.9,-12.5
2026-03-19,2027-09-15,3.515,3.475,-4.0,-16.5
2026-03-19,2027-10-27,3.475,3.475,-0.0,-16.5
2026-03-19,2027-12-08,3.475,3.2526,-22.2,-38.7
2026-03-20,2026-10-28,3.7234,3.74,1.7,10.0
2026-03-20,2026-12-09,3.74,3.7189,-2.1,7.9
2026-03-20,2027-01-27,3.7189,3.715,-0.4,7.5
2026-03-20,2027-03-17,3.715,3.7039,-1.1,6.4
2026-03-20,2027-04-28,3.7039,3.695,-0.9,5.5
2026-03-20,2027-06-09,3.695,3.645,-5.0,0.5
2026-03-20,2027-07-28,3.645,3.6,-4.5,-4.0
2026-03-20,2027-09-15,3.6,3.55,-5.0,-9.0
2026-03-20,2027-10-27,3.55,3.535,-1.5,-10.5
2026-03-20,2027-12-08,3.535,3.3126,-22.2,-32.7
2026-03-23,2026-10-28,3.6655,3.66,-0.6,2.0
2026-03-23,2026-12-09,3.66,3.6248,-3.5,-1.5
2026-03-23,2027-01-27,3.6248,3.62,-0.5,-2.0
2026-03-23,2027-03-17,3.62,3.6089,-1.1,-3.1
2026-03-23,2027-04-28,3.6089,3.6,-0.9,-4.0
2026-03-23,2027-06-09,3.6,3.55,-5.0,-9.0
2026-03-23,2027-07-28,3.55,3.505,-4.5,-13.5
2026-03-23,2027-09-15,3.505,3.455,-5.0,-18.5
2026-03-23,2027-10-27,3.455,3.44,-1.5,-20.0
2026-03-23,2027-12-08,3.44,3.2176,-22.2,-42.2
2026-03-24,2026-10-28,3.7434,3.76,1.7,12.0
2026-03-24,2026-12-09,3.76,3.7389,-2.1,9.9
2026-03-24,2027-01-27,3.7389,3.74,0.1,10.0
2026-03-24,2027-03-17,3.74,3.74,0.0,10.0
2026-03-24,2027-04-28,3.74,3.725,-1.5,8.5
2026-03-24,2027-06-09,3.725,3.675,-5.0,3.5
2026-03-24,2027-07-28,3.675,3.63,-4.5,-1.0
2026-03-24,2027-09-15,3.63,3.58,-5.0,-6.0
2026-03-24,2027-10-27,3.58,3.565,-1.5,-7.5
2026-03-24,2027-12-08,3.565,3.3426,-22.2,-29.7
2026-03-25,2026-10-28,3.7045,3.71,0.6,7.0
2026-03-25,2026-12-09,3.71,3.6889,-2.1,4.9
2026-03-25,2027-01-27,3.6889,3.68,-0.9,4.0
2026-03-25,2027-03-17,3.68,3.6689,-1.1,2.9
2026-03-25,2027-04-28,3.6689,3.655,-1.4,1.5
2026-03-25,2027-06-09,3.655,3.605,-5.0,-3.5
2026-03-25,2027-07-28,3.605,3.56,-4.5,-8.0
2026-03-25,2027-09-15,3.56,3.51,-5.0,-13.0
2026-03-25,2027-10-27,3.51,3.495,-1.5,-14.5
2026-03-25,2027-12-08,3.495,3.2726,-22.2,-36.7
2026-03-26,2026-10-28,3.7629,3.785,2.2,14.5
2026-03-26,2026-12-09,3.785,3.778,-0.7,13.8
2026-03-26,2027-01-27,3.778,3.785,0.7,14.5
2026-03-26,2027-03-17,3.785,3.7739,-1.1,13.4
2026-03-26,2027-04-28,3.7739,3.77,-0.4,13.0
2026-03-26,2027-06-09,3.77,3.7271,-4.3,8.7
2026-03-26,2027-07-28,3.7271,3.69,-3.7,5.0
2026-03-26,2027-09-15,3.69,3.64,-5.0,0.0
2026-03-26,2027-10-27,3.64,3.605,-3.5,-3.5
2026-03-26,2027-12-08,3.605,3.3826,-22.2,-25.7
2026-03-27,2026-10-28,3.6989,3.71,1.1,7.0
2026-03-27,2026-12-09,3.71,3.703,-0.7,6.3
2026-03-27,2027-01-27,3.703,3.7,-0.3,6.0
2026-03-27,2027-03-17,3.7,3.6889,-1.1,4.9
2026-03-27,2027-04-28,3.6889,3.685,-0.4,4.5
2026-03-27,2027-06-09,3.685,3.6421,-4.3,0.2
2026-03-27,2027-07-28,3.6421,3.605,-3.7,-3.5
2026-03-27,2027-09-15,3.605,3.555,-5.0,-8.5
2026-03-27,2027-10-27,3.555,3.52,-3.5,-12.0
2026-03-27,2027-12-08,3.52,3.2976,-22.2,-34.2
2026-03-30,2026-10-28,3.635,3.635,0.0,-0.5
2026-03-30,2026-12-09,3.635,3.6068,-2.8,-3.3
2026-03-30,2027-01-27,3.6068,3.6,-0.7,-4.0
2026-03-30,2027-03-17,3.6,3.5889,-1.1,-5.1
2026-03-30,2027-04-28,3.5889,3.585,-0.4,-5.5
2026-03-30,2027-06-09,3.585,3.5493,-3.6,-9.1
2026-03-30,2027-07-28,3.5493,3.51,-3.9,-13.0
2026-03-30,2027-09-15,3.51,3.46,-5.0,-18.0
2026-03-30,2027-10-27,3.46,3.425,-3.5,-21.5
2026-03-30,2027-12-08,3.425,3.2026,-22.2,-43.7
2026-03-31,2026-10-28,3.6155,3.61,-0.6,-3.0
2026-03-31,2026-12-09,3.61,3.5818,-2.8,-5.8
2026-03-31,2027-01-27,3.5818,3.565,-1.7,-7.5
2026-03-31,2027-03-17,3.565,3.565,0.0,-7.5
2026-03-31,2027-04-28,3.565,3.555,-1.0,-8.5
2026-03-31,2027-06-09,3.555,3.5193,-3.6,-12.1
2026-03-31,2027-07-28,3.5193,3.485,-3.4,-15.5
2026-03-31,2027-09-15,3.485,3.435,-5.0,-20.5
2026-03-31,2027-10-27,3.435,3.4,-3.5,-24.0
2026-03-31,2027-12-08,3.4,3.1776,-22.2,-46.2
2026-04-01,2026-10-28,3.6161,3.605,-1.1,-3.5
2026-04-01,2026-12-09,3.605,3.5698,-3.5,-7.0
2026-04-01,2027-01-27,3.5698,3.555,-1.5,-8.5
2026-04-01,2027-03-17,3.555,3.5439,-1.1,-9.6
2026-04-01,2027-04-28,3.5439,3.54,-0.4,-10.0
2026-04-01,2027-06-09,3.54,3.5043,-3.6,-13.6
2026-04-01,2027-07-28,3.5043,3.48,-2.4,-16.0
2026-04-01,2027-09-15,3.48,3.43,-5.0,-21.0
2026-04-01,2027-10-27,3.43,3.395,-3.5,-24.5
2026-04-01,2027-12-08,3.395,3.1726,-22.2,-46.7
2026-04-02,2026-10-28,3.6155,3.61,-0.6,-3.0
2026-04-02,2026-12-09,3.61,3.5748,-3.5,-6.5
2026-04-02,2027-01-27,3.5748,3.565,-1.0,-7.5
2026-04-02,2027-03-17,3.565,3.5539,-1.1,-8.6
2026-04-02,2027-04-28,3.5539,3.55,-0.4,-9.0
2026-04-02,2027-06-09,3.55,3.5143,-3.6,-12.6
2026-04-02,2027-07-28,3.5143,3.49,-2.4,-15.0
2026-04-02,2027-09-15,3.49,3.44,-5.0,-20.0
2026-04-02,2027-10-27,3.44,3.405,-3.5,-23.5
2026-04-02,2027-12-08,3.405,3.1826,-22.2,-45.7
2026-04-06,2026-10-28,3.6534,3.67,1.7,3.0
2026-04-06,2026-12-09,3.67,3.6418,-2.8,0.2
2026-04-06,2027-01-27,3.6418,3.635,-0.7,-0.5
2026-04-06,2027-03-17,3.635,3.635,0.0,-0.5
2026-04-06,2027-04-28,3.635,3.625,-1.0,-1.5
2026-04-06,2027-06-09,3.625,3.5893,-3.6,-5.1
2026-04-06,2027-07-28,3.5893,3.56,-2.9,-8.0
2026-04-06,2027-09-15,3.56,3.51,-5.0,-13.0
2026-04-06,2027-10-27,3.51,3.475,-3.5,-16.5
2026-04-06,2027-12-08,3.475,3.2526,-22.2,-38.7
2026-04-07,2026-10-28,3.6395,3.645,0.6,0.5
2026-04-07,2026-12-09,3.645,3.6168,-2.8,-2.3
2026-04-07,2027-01-27,3.6168,3.605,-1.2,-3.5
2026-04-07,2027-03-17,3.605,3.5939,-1.1,-4.6
2026-04-07,2027-04-28,3.5939,3.59,-0.4,-5.0
2026-04-07,2027-06-09,3.59,3.5543,-3.6,-8.6
2026-04-07,2027-07-28,3.5543,3.525,-2.9,-11.5
2026-04-07,2027-09-15,3.525,3.475,-5.0,-16.5
2026-04-07,2027-10-27,3.475,3.44,-3.5,-20.0
2026-04-07,2027-12-08,3.44,3.2176,-22.2,-42.2
2026-04-08,2026-10-28,3.6361,3.625,-1.1,-1.5
2026-04-08,2026-12-09,3.625,3.5827,-4.2,-5.7
2026-04-08,2027-01-27,3.5827,3.57,-1.3,-7.0
2026-04-08,2027-03-17,3.57,3.5479,-2.2,-9.2
2026-04-08,2027-04-28,3.5479,3.54,-0.8,-10.0
2026-04-08,2027-06-09,3.54,3.5043,-3.6,-13.6
2026-04-08,2027-07-28,3.5043,3.47,-3.4,-17.0
2026-04-08,2027-09-15,3.47,3.42,-5.0,-22.0
2026-04-08,2027-10-27,3.42,3.385,-3.5,-25.5
2026-04-08,2027-12-08,3.385,3.1626,-22.2,-47.7
2026-04-09,2026-10-28,3.6161,3.605,-1.1,-3.5
2026-04-09,2026-12-09,3.605,3.5627,-4.2,-7.7
2026-04-09,2027-01-27,3.5627,3.55,-1.3,-9.0
2026-04-09,2027-03-17,3.55,3.5279,-2.2,-11.2
2026-04-09,2027-04-28,3.5279,3.525,-0.3,-11.5
2026-04-09,2027-06-09,3.525,3.4893,-3.6,-15.1
2026-04-09,2027-07-28,3.4893,3.46,-2.9,-18.0
2026-04-09,2027-09-15,3.46,3.41,-5.0,-23.0
2026-04-09,2027-10-27,3.41,3.375,-3.5,-26.5
2026-04-09,2027-12-08,3.375,3.1526,-22.2,-48.7
2026-04-10,2026-10-28,3.6255,3.62,-0.6,-2.0
2026-04-10,2026-12-09,3.62,3.5777,-4.2,-6.2
2026-04-10,2027-01-27,3.5777,3.565,-1.3,-7.5
2026-04-10,2027-03-17,3.565,3.5539,-1.1,-8.6
2026-04-10,2027-04-28,3.5539,3.545,-0.9,-9.5
2026-04-10,2027-06-09,3.545,3.5093,-3.6,-13.1
2026-04-10,2027-07-28,3.5093,3.48,-2.9,-16.0
2026-04-10,2027-09-15,3.48,3.43,-5.0,-21.0
2026-04-10,2027-10-27,3.43,3.395,-3.5,-24.5
2026-04-10,2027-12-08,3.395,3.1726,-22.2,-46.7
2026-04-13,2026-10-28,3.6061,3.595,-1.1,-4.5
2026-04-13,2026-12-09,3.595,3.5527,-4.2,-8.7
2026-04-13,2027-01-27,3.5527,3.545,-0.8,-9.5
2026-04-13,2027-03-17,3.545,3.5339,-1.1,-10.6
2026-04-13,2027-04-28,3.5339,3.525,-0.9,-11.5
2026-04-13,2027-06-09,3.525,3.4893,-3.6,-15.1
2026-04-13,2027-07-28,3.4893,3.46,-2.9,-18.0
2026-04-13,2027-09-15,3.46,3.41,-5.0,-23.0
2026-04-13,2027-10-27,3.41,3.375,-3.5,-26.5
2026-04-13,2027-12-08,3.375,3.1526,-22.2,-48.7
2026-04-14,2026-10-28,3.6071,3.585,-2.2,-5.5
2026-04-14,2026-12-09,3.585,3.5427,-4.2,-9.7
2026-04-14,2027-01-27,3.5427,3.53,-1.3,-11.0
2026-04-14,2027-03-17,3.53,3.5189,-1.1,-12.1
2026-04-14,2027-04-28,3.5189,3.505,-1.4,-13.5
2026-04-14,2027-06-09,3.505,3.4693,-3.6,-17.1
2026-04-14,2027-07-28,3.4693,3.435,-3.4,-20.5
2026-04-14,2027-09-15,3.435,3.385,-5.0,-25.5
2026-04-14,2027-10-27,3.385,3.35,-3.5,-29.0
2026-04-14,2027-12-08,3.35,3.1276,-22.2,-51.2
2026-04-15,2026-10-28,3.6066,3.59,-1.7,-5.0
2026-04-15,2026-12-09,3.59,3.5477,-4.2,-9.2
2026-04-15,2027-01-27,3.5477,3.535,-1.3,-10.5
2026-04-15,2027-03-17,3.535,3.5239,-1.1,-11.6
2026-04-15,2027-04-28,3.5239,3.51,-1.4,-13.0
2026-04-15,2027-06-09,3.51,3.4743,-3.6,-16.6
2026-04-15,2027-07-28,3.4743,3.445,-2.9,-19.5
2026-04-15,2027-09-15,3.445,3.395,-5.0,-24.5
2026-04-15,2027-10-27,3.395,3.365,-3.0,-27.5
2026-04-15,2027-12-08,3.365,3.1426,-22.2,-49.7
2026-04-16,2026-10-28,3.6011,3.59,-1.1,-5.0
2026-04-16,2026-12-09,3.59,3.5548,-3.5,-8.5
2026-04-16,2027-01-27,3.5548,3.545,-1.0,-9.5
2026-04-16,2027-03-17,3.545,3.5339,-1.1,-10.6
2026-04-16,2027-04-28,3.5339,3.53,-0.4,-11.0
2026-04-16,2027-06-09,3.53,3.4943,-3.6,-14.6
2026-04-16,2027-07-28,3.4943,3.47,-2.4,-17.0
2026-04-16,2027-09-15,3.47,3.42,-5.0,-22.0
2026-04-16,2027-10-27,3.42,3.39,-3.0,-25.0
2026-04-16,2027-12-08,3.39,3.1676,-22.2,-47.2
2026-04-17,2026-10-28,3.5527,3.525,-2.8,-11.5
2026-04-17,2026-12-09,3.525,3.4757,-4.9,-16.4
2026-04-17,2027-01-27,3.4757,3.465,-1.1,-17.5
2026-04-17,2027-03-17,3.465,3.4429,-2.2,-19.7
2026-04-17,2027-04-28,3.4429,3.435,-0.8,-20.5
2026-04-17,2027-06-09,3.435,3.3993,-3.6,-24.1
2026-04-17,2027-07-28,3.3993,3.37,-2.9,-27.0
2026-04-17,2027-09-15,3.37,3.32,-5.0,-32.0
2026-04-17,2027-10-27,3.32,3.295,-2.5,-34.5
2026-04-17,2027-12-08,3.295,3.0726,-22.2,-56.7
2026-04-20,2026-10-28,3.5727,3.545,-2.8,-9.5
2026-04-20,2026-12-09,3.545,3.4957,-4.9,-14.4
2026-04-20,2027-01-27,3.4957,3.48,-1.6,-16.0
2026-04-20,2027-03-17,3.48,3.4579,-2.2,-18.2
2026-04-20,2027-04-28,3.4579,3.445,-1.3,-19.5
2026-04-20,2027-06-09,3.445,3.4093,-3.6,-23.1
2026-04-20,2027-07-28,3.4093,3.38,-2.9,-26.0
2026-04-20,2027-09-15,3.38,3.33,-5.0,-31.0
2026-04-20,2027-10-27,3.33,3.305,-2.5,-33.5
2026-04-20,2027-12-08,3.305,3.0826,-22.2,-55.7
2026-04-21,2026-10-28,3.6016,3.585,-1.7,-5.5
2026-04-21,2026-12-09,3.585,3.5498,-3.5,-9.0
2026-04-21,2027-01-27,3.5498,3.545,-0.5,-9.5
2026-04-21,2027-03-17,3.545,3.5229,-2.2,-11.7
2026-04-21,2027-04-28,3.5229,3.52,-0.3,-12.0
2026-04-21,2027-06-09,3.52,3.4843,-3.6,-15.6
2026-04-21,2027-07-28,3.4843,3.455,-2.9,-18.5
2026-04-21,2027-09-15,3.455,3.405,-5.0,-23.5
2026-04-21,2027-10-27,3.405,3.38,-2.5,-26.0
2026-04-21,2027-12-08,3.38,3.1576,-22.2,-48.2
2026-04-22,2026-10-28,3.6011,3.59,-1.1,-5.0
2026-04-22,2026-12-09,3.59,3.5618,-2.8,-7.8
2026-04-22,2027-01-27,3.5618,3.56,-0.2,-8.0
2026-04-22,2027-03-17,3.56,3.5489,-1.1,-9.1
2026-04-22,2027-04-28,3.5489,3.545,-0.4,-9.5
2026-04-22,2027-06-09,3.545,3.5093,-3.6,-13.1
2026-04-22,2027-07-28,3.5093,3.48,-2.9,-16.0
2026-04-22,2027-09-15,3.48,3.43,-5.0,-21.0
2026-04-22,2027-10-27,3.43,3.405,-2.5,-23.5
2026-04-22,2027-12-08,3.405,3.1826,-22.2,-45.7
2026-04-23,2026-10-28,3.6005,3.595,-0.6,-4.5
2026-04-23,2026-12-09,3.595,3.5739,-2.1,-6.6
2026-04-23,2027-01-27,3.5739,3.58,0.6,-6.0
2026-04-23,2027-03-17,3.58,3.58,0.0,-6.0
2026-04-23,2027-04-28,3.58,3.58,0.0,-6.0
2026-04-23,2027-06-09,3.58,3.5514,-2.9,-8.9
2026-04-23,2027-07-28,3.5514,3.535,-1.6,-10.5
2026-04-23,2027-09-15,3.535,3.485,-5.0,-15.5
2026-04-23,2027-10-27,3.485,3.46,-2.5,-18.0
2026-04-23,2027-12-08,3.46,3.2376,-22.2,-40.2
2026-04-24,2026-10-28,3.5716,3.555,-1.7,-8.5
2026-04-24,2026-12-09,3.555,3.5268,-2.8,-11.3
2026-04-24,2027-01-27,3.5268,3.53,0.3,-11.0
2026-04-24,2027-03-17,3.53,3.5189,-1.1,-12.1
2026-04-24,2027-04-28,3.5189,3.525,0.6,-11.5
2026-04-24,2027-06-09,3.525,3.4964,-2.9,-14.4
2026-04-24,2027-07-28,3.4964,3.48,-1.6,-16.0
2026-04-24,2027-09-15,3.48,3.43,-5.0,-21.0
2026-04-24,2027-10-27,3.43,3.405,-2.5,-23.5
2026-04-24,2027-12-08,3.405,3.1826,-22.2,-45.7
2026-04-27,2026-10-28,3.5855,3.58,-0.6,-6.0
2026-04-27,2026-12-09,3.58,3.5518,-2.8,-8.8
2026-04-27,2027-01-27,3.5518,3.555,0.3,-8.5
2026-04-27,2027-03-17,3.555,3.555,0.0,-8.5
2026-04-27,2027-04-28,3.555,3.555,0.0,-8.5
2026-04-27,2027-06-09,3.555,3.5264,-2.9,-11.4
2026-04-27,2027-07-28,3.5264,3.51,-1.6,-13.0
2026-04-27,2027-09-15,3.51,3.46,-5.0,-18.0
2026-04-27,2027-10-27,3.46,3.435,-2.5,-20.5
2026-04-27,2027-12-08,3.435,3.2126,-22.2,-42.7
2026-04-28,2026-10-28,3.6,3.6,0.0,-4.0
2026-04-28,2026-12-09,3.6,3.5859,-1.4,-5.4
2026-04-28,2027-01-27,3.5859,3.6,1.4,-4.0
2026-04-28,2027-03-17,3.6,3.6,0.0,-4.0
2026-04-28,2027-04-28,3.6,3.615,1.5,-2.5
2026-04-28,2027-06-09,3.615,3.5936,-2.1,-4.6
2026-04-28,2027-07-28,3.5936,3.575,-1.9,-6.5
2026-04-28,2027-09-15,3.575,3.525,-5.0,-11.5
2026-04-28,2027-10-27,3.525,3.5,-2.5,-14.0
2026-04-28,2027-12-08,3.5,3.2776,-22.2,-36.2
2026-04-29,2026-10-28,3.6389,3.65,1.1,1.0
2026-04-29,2026-12-09,3.65,3.6641,1.4,2.4
2026-04-29,2027-01-27,3.6641,3.7,3.6,6.0
2026-04-29,2027-03-17,3.7,3.7332,3.3,9.3
2026-04-29,2027-04-28,3.7332,3.76,2.7,12.0
2026-04-29,2027-06-09,3.76,3.7457,-1.4,10.6
2026-04-29,2027-07-28,3.7457,3.73,-1.6,9.0
2026-04-29,2027-09-15,3.73,3.68,-5.0,4.0
2026-04-29,2027-10-27,3.68,3.65,-3.0,1.0
2026-04-29,2027-12-08,3.65,3.4276,-22.2,-21.2
2026-04-30,2026-10-28,3.6,3.6,0.0,-4.0
2026-04-30,2026-12-09,3.6,3.6141,1.4,-2.6
2026-04-30,2027-01-27,3.6141,3.645,3.1,0.5
2026-04-30,2027-03-17,3.645,3.6782,3.3,3.8
2026-04-30,2027-04-28,3.6782,3.695,1.7,5.5
2026-04-30,2027-06-09,3.695,3.6807,-1.4,4.1
2026-04-30,2027-07-28,3.6807,3.66,-2.1,2.0
2026-04-30,2027-09-15,3.66,3.61,-5.0,-3.0
2026-04-30,2027-10-27,3.61,3.58,-3.0,-6.0
2026-04-30,2027-12-08,3.58,3.3576,-22.2,-28.2
2026-05-01,2026-10-28,3.6045,3.61,0.6,-3.0
2026-05-01,2026-12-09,3.61,3.6311,2.1,-0.9
2026-05-01,2027-01-27,3.6311,3.655,2.4,1.5
2026-05-01,2027-03-17,3.655,3.6882,3.3,4.8
2026-05-01,2027-04-28,3.6882,3.7,1.2,6.0
2026-05-01,2027-06-09,3.7,3.6857,-1.4,4.6
2026-05-01,2027-07-28,3.6857,3.665,-2.1,2.5
2026-05-01,2027-09-15,3.665,3.615,-5.0,-2.5
2026-05-01,2027-10-27,3.615,3.585,-3.0,-5.5
2026-05-01,2027-12-08,3.585,3.3626,-22.2,-27.7
2026-05-04,2026-10-28,3.6313,3.67,3.9,3.0
2026-05-04,2026-12-09,3.67,3.7193,4.9,7.9
2026-05-04,2027-01-27,3.7193,3.76,4.1,12.0
2026-05-04,2027-03-17,3.76,3.7932,3.3,15.3
2026-05-04,2027-04-28,3.7932,3.81,1.7,17.0
2026-05-04,2027-06-09,3.81,3.7957,-1.4,15.6
2026-05-04,2027-07-28,3.7957,3.775,-2.1,13.5
2026-05-04,2027-09-15,3.775,3.725,-5.0,8.5
2026-05-04,2027-10-27,3.725,3.695,-3.0,5.5
2026-05-04,2027-12-08,3.695,3.4726,-22.2,-16.7
2026-05-05,2026-10-28,3.6157,3.66,4.4,2.0
2026-05-05,2026-12-09,3.66,3.7093,4.9,6.9
2026-05-05,2027-01-27,3.7093,3.735,2.6,9.5
2026-05-05,2027-03-17,3.735,3.7682,3.3,12.8
2026-05-05,2027-04-28,3.7682,3.785,1.7,14.5
2026-05-05,2027-06-09,3.785,3.7707,-1.4,13.1
2026-05-05,2027-07-28,3.7707,3.75,-2.1,11.0
2026-05-05,2027-09-15,3.75,3.7,-5.0,6.0
2026-05-05,2027-10-27,3.7,3.67,-3.0,3.0
2026-05-05,2027-12-08,3.67,3.4476,-22.2,-19.2
2026-05-06,2026-10-28,3.5979,3.62,2.2,-2.0
2026-05-06,2026-12-09,3.62,3.6552,3.5,1.5
2026-05-06,2027-01-27,3.6552,3.66,0.5,2.0
2026-05-06,2027-03-17,3.66,3.6932,3.3,5.3
2026-05-06,2027-04-28,3.6932,3.695,0.2,5.5
2026-05-06,2027-06-09,3.695,3.6807,-1.4,4.1
2026-05-06,2027-07-28,3.6807,3.655,-2.6,1.5
2026-05-06,2027-09-15,3.655,3.605,-5.0,-3.5
2026-05-06,2027-10-27,3.605,3.58,-2.5,-6.0
2026-05-06,2027-12-08,3.58,3.4722,-10.8,-16.8
2026-05-07,2026-10-28,3.6173,3.645,2.8,1.5
2026-05-07,2026-12-09,3.645,3.6802,3.5,5.0
2026-05-07,2027-01-27,3.6802,3.7,2.0,7.0
2026-05-07,2027-03-17,3.7,3.7443,4.4,11.4
2026-05-07,2027-04-28,3.7443,3.755,1.1,12.5
2026-05-07,2027-06-09,3.755,3.7407,-1.4,11.1
2026-05-07,2027-07-28,3.7407,3.725,-1.6,9.5
2026-05-07,2027-09-15,3.725,3.675,-5.0,4.5
2026-05-07,2027-10-27,3.675,3.655,-2.0,2.5
2026-05-07,2027-12-08,3.655,3.5472,-10.8,-8.3
2026-05-08,2026-10-28,3.6034,3.62,1.7,-1.0
2026-05-08,2026-12-09,3.62,3.6482,2.8,1.8
2026-05-08,2027-01-27,3.6482,3.66,1.2,3.0
2026-05-08,2027-03-17,3.66,3.6932,3.3,6.3
2026-05-08,2027-04-28,3.6932,3.71,1.7,8.0
2026-05-08,2027-06-09,3.71,3.6957,-1.4,6.6
2026-05-08,2027-07-28,3.6957,3.68,-1.6,5.0
2026-05-08,2027-09-15,3.68,3.63,-5.0,0.0
2026-05-08,2027-10-27,3.63,3.62,-1.0,-1.0
2026-05-08,2027-12-08,3.62,3.5122,-10.8,-11.8
2026-05-11,2026-10-28,3.6329,3.655,2.2,2.5
2026-05-11,2026-12-09,3.655,3.6902,3.5,6.0
2026-05-11,2027-01-27,3.6902,3.71,2.0,8.0
2026-05-11,2027-03-17,3.71,3.7543,4.4,12.4
2026-05-11,2027-04-28,3.7543,3.765,1.1,13.5
2026-05-11,2027-06-09,3.765,3.7579,-0.7,12.8
2026-05-11,2027-07-28,3.7579,3.75,-0.8,12.0
2026-05-11,2027-09-15,3.75,3.7,-5.0,7.0
2026-05-11,2027-10-27,3.7,3.69,-1.0,6.0
2026-05-11,2027-12-08,3.69,3.5822,-10.8,-4.8
2026-05-12,2026-10-28,3.6412,3.68,3.9,5.0
2026-05-12,2026-12-09,3.68,3.7364,5.6,10.6
2026-05-12,2027-01-27,3.7364,3.765,2.9,13.5
2026-05-12,2027-03-17,3.765,3.8204,5.5,19.0
2026-05-12,2027-04-28,3.8204,3.845,2.5,21.5
2026-05-12,2027-06-09,3.845,3.845,0.0,21.5
2026-05-12,2027-07-28,3.845,3.835,-1.0,20.5
2026-05-12,2027-09-15,3.835,3.785,-5.0,15.5
2026-05-12,2027-10-27,3.785,3.775,-1.0,14.5
2026-05-12,2027-12-08,3.775,3.6672,-10.8,3.7
2026-05-13,2026-10-28,3.6518,3.685,3.3,5.5
2026-05-13,2026-12-09,3.685,3.7343,4.9,10.4
2026-05-13,2027-01-27,3.7343,3.755,2.1,12.5
2026-05-13,2027-03-17,3.755,3.8104,5.5,18.0
2026-05-13,2027-04-28,3.8104,3.83,2.0,20.0
2026-05-13,2027-06-09,3.83,3.83,0.0,20.0
2026-05-13,2027-07-28,3.83,3.82,-1.0,19.0
2026-05-13,2027-09-15,3.82,3.77,-5.0,14.0
2026-05-13,2027-10-27,3.77,3.765,-0.5,13.5
2026-05-13,2027-12-08,3.765,3.6774,-8.8,4.7
2026-05-14,2026-10-28,3.6568,3.69,3.3,6.0
2026-05-14,2026-12-09,3.69,3.7464,5.6,11.6
2026-05-14,2027-01-27,3.7464,3.765,1.9,13.5
2026-05-14,2027-03-17,3.765,3.8093,4.4,17.9
2026-05-14,2027-04-28,3.8093,3.835,2.6,20.5
2026-05-14,2027-06-09,3.835,3.835,0.0,20.5
2026-05-14,2027-07-28,3.835,3.825,-1.0,19.5
2026-05-14,2027-09-15,3.825,3.785,-4.0,15.5
2026-05-14,2027-10-27,3.785,3.775,-1.0,14.5
2026-05-14,2027-12-08,3.775,3.6874,-8.8,5.7
2026-05-15,2026-10-28,3.6707,3.715,4.4,8.5
2026-05-15,2026-12-09,3.715,3.7925,7.7,16.3
2026-05-15,2027-01-27,3.7925,3.83,3.8,20.0
2026-05-15,2027-03-17,3.83,3.9075,7.7,27.8
2026-05-15,2027-04-28,3.9075,3.945,3.8,31.5
2026-05-15,2027-06-09,3.945,3.9593,1.4,32.9
2026-05-15,2027-07-28,3.9593,3.965,0.6,33.5
2026-05-15,2027-09-15,3.965,3.925,-4.0,29.5
2026-05-15,2027-10-27,3.925,3.925,0.0,29.5
2026-05-15,2027-12-08,3.925,3.8374,-8.8,20.7
2026-05-18,2026-10-28,3.6862,3.725,3.9,9.5
2026-05-18,2026-12-09,3.725,3.8025,7.8,17.3
2026-05-18,2027-01-27,3.8025,3.84,3.7,21.0
2026-05-18,2027-03-17,3.84,3.9175,7.7,28.8
2026-05-18,2027-04-28,3.9175,3.955,3.8,32.5
2026-05-18,2027-06-09,3.955,3.9693,1.4,33.9
2026-05-18,2027-07-28,3.9693,3.98,1.1,35.0
2026-05-18,2027-09-15,3.98,3.94,-4.0,31.0
2026-05-18,2027-10-27,3.94,3.94,0.0,31.0
2026-05-18,2027-12-08,3.94,3.8524,-8.8,22.2
2026-05-19,2026-10-28,3.7157,3.76,4.4,14.0
2026-05-19,2026-12-09,3.76,3.8445,8.5,22.4
2026-05-19,2027-01-27,3.8445,3.89,4.5,27.0
2026-05-19,2027-03-17,3.89,3.9675,7.7,34.7
2026-05-19,2027-04-28,3.9675,4.005,3.8,38.5
2026-05-19,2027-06-09,4.005,4.0121,0.7,39.2
2026-05-19,2027-07-28,4.0121,4.025,1.3,40.5
2026-05-19,2027-09-15,4.025,3.985,-4.0,36.5
2026-05-19,2027-10-27,3.985,3.985,0.0,36.5
2026-05-19,2027-12-08,3.985,3.8974,-8.8,27.7
2026-05-20,2026-10-28,3.6873,3.715,2.8,9.5
2026-05-20,2026-12-09,3.715,3.7784,6.3,15.8
2026-05-20,2027-01-27,3.7784,3.815,3.7,19.5
2026-05-20,2027-03-17,3.815,3.8704,5.5,25.0
2026-05-20,2027-04-28,3.8704,3.9,3.0,28.0
2026-05-20,2027-06-09,3.9,3.9,0.0,28.0
2026-05-20,2027-07-28,3.9,3.91,1.0,29.0
2026-05-20,2027-09-15,3.91,3.87,-4.0,25.0
2026-05-20,2027-10-27,3.87,3.87,0.0,25.0
2026-05-20,2027-12-08,3.87,3.7824,-8.8,16.2
2026-05-21,2026-10-28,3.7263,3.765,3.9,14.5
2026-05-21,2026-12-09,3.765,3.8355,7.0,21.6
2026-05-21,2027-01-27,3.8355,3.87,3.5,25.0
2026-05-21,2027-03-17,3.87,3.9254,5.5,30.5
2026-05-21,2027-04-28,3.9254,3.96,3.5,34.0
2026-05-21,2027-06-09,3.96,3.96,0.0,34.0
2026-05-21,2027-07-28,3.96,3.97,1.0,35.0
2026-05-21,2027-09-15,3.97,3.93,-4.0,31.0
2026-05-21,2027-10-27,3.93,3.93,0.0,31.0
2026-05-21,2027-12-08,3.93,3.8424,-8.8,22.2
2026-05-22,2026-10-28,3.7402,3.79,5.0,17.0
2026-05-22,2026-12-09,3.79,3.8745,8.5,25.4
2026-05-22,2027-01-27,3.8745,3.92,4.5,30.0
2026-05-22,2027-03-17,3.92,3.9864,6.6,36.6
2026-05-22,2027-04-28,3.9864,4.015,2.9,39.5
2026-05-22,2027-06-09,4.015,4.015,0.0,39.5
2026-05-22,2027-07-28,4.015,4.01,-0.5,39.0
2026-05-22,2027-09-15,4.01,3.97,-4.0,35.0
2026-05-22,2027-10-27,3.97,3.97,0.0,35.0
2026-05-22,2027-12-08,3.97,3.8824,-8.8,26.2
2026-05-26,2026-10-28,3.7073,3.735,2.8,11.5
2026-05-26,2026-12-09,3.735,3.7984,6.3,17.8
2026-05-26,2027-01-27,3.7984,3.83,3.2,21.0
2026-05-26,2027-03-17,3.83,3.8854,5.5,26.5
2026-05-26,2027-04-28,3.8854,3.91,2.5,29.0
2026-05-26,2027-06-09,3.91,3.91,0.0,29.0
2026-05-26,2027-07-28,3.91,3.905,-0.5,28.5
2026-05-26,2027-09-15,3.905,3.865,-4.0,24.5
2026-05-26,2027-10-27,3.865,3.865,-0.0,24.5
2026-05-26,2027-12-08,3.865,3.7774,-8.8,15.7
2026-05-27,2026-10-28,3.6979,3.72,2.2,10.0
2026-05-27,2026-12-09,3.72,3.7834,6.3,16.3
2026-05-27,2027-01-27,3.7834,3.81,2.7,19.0
2026-05-27,2027-03-17,3.81,3.8654,5.5,24.5
2026-05-27,2027-04-28,3.8654,3.89,2.5,27.0
2026-05-27,2027-06-09,3.89,3.89,0.0,27.0
2026-05-27,2027-07-28,3.89,3.885,-0.5,26.5
2026-05-27,2027-09-15,3.885,3.845,-4.0,22.5
2026-05-27,2027-10-27,3.845,3.845,0.0,22.5
2026-05-27,2027-12-08,3.845,3.7574,-8.8,13.7
2026-05-28,2026-10-28,3.6929,3.715,2.2,9.5
2026-05-28,2026-12-09,3.715,3.7784,6.3,15.8
2026-05-28,2027-01-27,3.7784,3.8,2.2,18.0
2026-05-28,2027-03-17,3.8,3.8554,5.5,23.5
2026-05-28,2027-04-28,3.8554,3.875,2.0,25.5
2026-05-28,2027-06-09,3.875,3.875,0.0,25.5
2026-05-28,2027-07-28,3.875,3.875,0.0,25.5
2026-05-28,2027-09-15,3.875,3.835,-4.0,21.5
2026-05-28,2027-10-27,3.835,3.835,-0.0,21.5
2026-05-28,2027-12-08,3.835,3.7878,-4.7,16.8
2026-05-29,2026-10-28,3.6829,3.705,2.2,8.5
2026-05-29,2026-12-09,3.705,3.7684,6.3,14.8
2026-05-29,2027-01-27,3.7684,3.795,2.7,17.5
2026-05-29,2027-03-17,3.795,3.8504,5.5,23.0
2026-05-29,2027-04-28,3.8504,3.865,1.5,24.5
2026-05-29,2027-06-09,3.865,3.865,0.0,24.5
2026-05-29,2027-07-28,3.865,3.865,0.0,24.5
2026-05-29,2027-09-15,3.865,3.825,-4.0,20.5
2026-05-29,2027-10-27,3.825,3.825,0.0,20.5
2026-05-29,2027-12-08,3.825,3.7913,-3.4,17.1
2026-06-01,2026-10-28,3.6912,3.73,3.9,11.0
2026-06-01,2026-12-09,3.73,3.8075,7.7,18.8
2026-06-01,2027-01-27,3.8075,3.835,2.8,21.5
2026-06-01,2027-03-17,3.835,3.9014,6.6,28.1
2026-06-01,2027-04-28,3.9014,3.925,2.4,30.5
2026-06-01,2027-06-09,3.925,3.925,0.0,30.5
2026-06-01,2027-07-28,3.925,3.925,0.0,30.5
2026-06-01,2027-09-15,3.925,3.885,-4.0,26.5
2026-06-01,2027-10-27,3.885,3.885,0.0,26.5
2026-06-01,2027-12-08,3.885,3.8513,-3.4,23.1
2026-06-02,2026-10-28,3.6862,3.725,3.9,10.5
2026-06-02,2026-12-09,3.725,3.8025,7.8,18.3
2026-06-02,2027-01-27,3.8025,3.835,3.2,21.5
2026-06-02,2027-03-17,3.835,3.9014,6.6,28.1
2026-06-02,2027-04-28,3.9014,3.925,2.4,30.5
2026-06-02,2027-06-09,3.925,3.925,0.0,30.5
2026-06-02,2027-07-28,3.925,3.925,0.0,30.5
2026-06-02,2027-09-15,3.925,3.885,-4.0,26.5
2026-06-02,2027-10-27,3.885,3.885,0.0,26.5
2026-06-02,2027-12-08,3.885,3.8513,-3.4,23.1
2026-06-03,2026-10-28,3.7012,3.74,3.9,12.0
2026-06-03,2026-12-09,3.74,3.8245,8.5,20.4
2026-06-03,2027-01-27,3.8245,3.865,4.0,24.5
2026-06-03,2027-03-17,3.865,3.9314,6.6,31.1
2026-06-03,2027-04-28,3.9314,3.97,3.9,35.0
2026-06-03,2027-06-09,3.97,3.9771,0.7,35.7
2026-06-03,2027-07-28,3.9771,3.975,-0.2,35.5
2026-06-03,2027-09-15,3.975,3.935,-4.0,31.5
2026-06-03,2027-10-27,3.935,3.935,0.0,31.5
2026-06-03,2027-12-08,3.935,3.9013,-3.4,28.1
2026-06-04,2026-10-28,3.6868,3.72,3.3,10.0
2026-06-04,2026-12-09,3.72,3.7905,7.0,17.1
2026-06-04,2027-01-27,3.7905,3.825,3.5,20.5
2026-06-04,2027-03-17,3.825,3.8914,6.6,27.1
2026-06-04,2027-04-28,3.8914,3.92,2.9,30.0
2026-06-04,2027-06-09,3.92,3.9271,0.7,30.7
2026-06-04,2027-07-28,3.9271,3.925,-0.2,30.5
2026-06-04,2027-09-15,3.925,3.885,-4.0,26.5
2026-06-04,2027-10-27,3.885,3.89,0.5,27.0
2026-06-04,2027-12-08,3.89,3.8563,-3.4,23.6
2026-06-05,2026-10-28,3.7296,3.785,5.5,16.5
2026-06-05,2026-12-09,3.785,3.8907,10.6,27.1
2026-06-05,2027-01-27,3.8907,3.945,5.4,32.5
2026-06-05,2027-03-17,3.945,4.0225,7.8,40.2
2026-06-05,2027-04-28,4.0225,4.06,3.7,44.0
2026-06-05,2027-06-09,4.06,4.0743,1.4,45.4
2026-06-05,2027-07-28,4.0743,4.07,-0.4,45.0
2026-06-05,2027-09-15,4.07,4.03,-4.0,41.0
2026-06-05,2027-10-27,4.03,4.035,0.5,41.5
2026-06-05,2027-12-08,4.035,4.0013,-3.4,38.1
2026-06-08,2026-10-28,3.7396,3.795,5.5,17.5
2026-06-08,2026-12-09,3.795,3.9007,10.6,28.1
2026-06-08,2027-01-27,3.9007,3.945,4.4,32.5
2026-06-08,2027-03-17,3.945,4.0114,6.6,39.1
2026-06-08,2027-04-28,4.0114,4.045,3.4,42.5
2026-06-08,2027-06-09,4.045,4.0593,1.4,43.9
2026-06-08,2027-07-28,4.0593,4.055,-0.4,43.5
2026-06-08,2027-09-15,4.055,4.015,-4.0,39.5
2026-06-08,2027-10-27,4.015,4.02,0.5,40.0
2026-06-08,2027-12-08,4.02,3.9863,-3.4,36.6
2026-06-09,2026-10-28,3.7302,3.78,5.0,16.0
2026-06-09,2026-12-09,3.78,3.8786,9.9,25.9
2026-06-09,2027-01-27,3.8786,3.92,4.1,30.0
2026-06-09,2027-03-17,3.92,3.9864,6.6,36.6
2026-06-09,2027-04-28,3.9864,4.015,2.9,39.5
2026-06-09,2027-06-09,4.015,4.0221,0.7,40.2
2026-06-09,2027-07-28,4.0221,4.02,-0.2,40.0
2026-06-09,2027-09-15,4.02,3.98,-4.0,36.0
2026-06-09,2027-10-27,3.98,3.985,0.5,36.5
2026-06-09,2027-12-08,3.985,3.9513,-3.4,33.1
2026-06-10,2026-10-28,3.7252,3.775,5.0,15.5
2026-06-10,2026-12-09,3.775,3.8666,9.2,24.7
2026-06-10,2027-01-27,3.8666,3.91,4.3,29.0
2026-06-10,2027-03-17,3.91,3.9875,7.7,36.7
2026-06-10,2027-04-28,3.9875,4.015,2.8,39.5
2026-06-10,2027-06-09,4.015,4.0221,0.7,40.2
2026-06-10,2027-07-28,4.0221,4.02,-0.2,40.0
2026-06-10,2027-09-15,4.02,3.98,-4.0,36.0
2026-06-10,2027-10-27,3.98,3.985,0.5,36.5
2026-06-10,2027-12-08,3.985,3.9513,-3.4,33.1
2026-06-11,2026-10-28,3.7068,3.74,3.3,12.0
2026-06-11,2026-12-09,3.74,3.8175,7.8,19.7
2026-06-11,2027-01-27,3.8175,3.855,3.7,23.5
2026-06-11,2027-03-17,3.855,3.9214,6.6,30.1
2026-06-11,2027-04-28,3.9214,3.945,2.4,32.5
2026-06-11,2027-06-09,3.945,3.9521,0.7,33.2
2026-06-11,2027-07-28,3.9521,3.95,-0.2,33.0
2026-06-11,2027-09-15,3.95,3.91,-4.0,29.0
2026-06-11,2027-10-27,3.91,3.915,0.5,29.5
2026-06-11,2027-12-08,3.915,3.8813,-3.4,26.1
2026-06-12,2026-10-28,3.6963,3.735,3.9,11.5
2026-06-12,2026-12-09,3.735,3.8266,9.2,20.7
2026-06-12,2027-01-27,3.8266,3.87,4.3,25.0
2026-06-12,2027-03-17,3.87,3.9254,5.5,30.5
2026-06-12,2027-04-28,3.9254,3.96,3.5,34.0
2026-06-12,2027-06-09,3.96,3.9671,0.7,34.7
2026-06-12,2027-07-28,3.9671,3.96,-0.7,34.0
2026-06-12,2027-09-15,3.96,3.92,-4.0,30.0
2026-06-12,2027-10-27,3.92,3.925,0.5,30.5
2026-06-12,2027-12-08,3.925,3.898,-2.7,27.8
2026-06-15,2026-10-28,3.7018,3.735,3.3,10.5
2026-06-15,2026-12-09,3.735,3.8195,8.5,19.0
2026-06-15,2027-01-27,3.8195,3.855,3.5,22.5
2026-06-15,2027-03-17,3.855,3.9104,5.5,28.0
2026-06-15,2027-04-28,3.9104,3.925,1.5,29.5
2026-06-15,2027-06-09,3.925,3.9321,0.7,30.2
2026-06-15,2027-07-28,3.9321,3.925,-0.7,29.5
2026-06-15,2027-09-15,3.925,3.885,-4.0,25.5
2026-06-15,2027-10-27,3.885,3.89,0.5,26.0
2026-06-15,2027-12-08,3.89,3.863,-2.7,23.3
2026-06-16,2026-10-28,3.7068,3.74,3.3,11.0
2026-06-16,2026-12-09,3.74,3.8316,9.2,20.2
2026-06-16,2027-01-27,3.8316,3.86,2.8,23.0
2026-06-16,2027-03-17,3.86,3.9043,4.4,27.4
2026-06-16,2027-04-28,3.9043,3.915,1.1,28.5
2026-06-16,2027-06-09,3.915,3.9079,-0.7,27.8
2026-06-16,2027-07-28,3.9079,3.895,-1.3,26.5
2026-06-16,2027-09-15,3.895,3.865,-3.0,23.5
2026-06-16,2027-10-27,3.865,3.865,0.0,23.5
2026-06-16,2027-12-08,3.865,3.838,-2.7,20.8
2026-06-17,2026-10-28,3.7952,3.845,5.0,21.5
2026-06-17,2026-12-09,3.845,3.9648,12.0,33.5
2026-06-17,2027-01-27,3.9648,4.0,3.5,37.0
2026-06-17,2027-03-17,4.0,4.0554,5.5,42.5
2026-06-17,2027-04-28,4.0554,4.06,0.5,43.0
2026-06-17,2027-06-09,4.06,4.0457,-1.4,41.6
2026-06-17,2027-07-28,4.0457,4.025,-2.1,39.5
2026-06-17,2027-09-15,4.025,3.995,-3.0,36.5
2026-06-17,2027-10-27,3.995,3.985,-1.0,35.5
2026-06-17,2027-12-08,3.985,3.958,-2.7,32.8
2026-06-18,2026-10-28,3.8536,3.92,6.6,29.0
2026-06-18,2026-12-09,3.92,4.0186,9.9,38.9
2026-06-18,2027-01-27,4.0186,4.06,4.1,43.0
2026-06-18,2027-03-17,4.06,4.1043,4.4,47.4
2026-06-18,2027-04-28,4.1043,4.1,-0.4,47.0
2026-06-18,2027-06-09,4.1,4.0786,-2.1,44.9
2026-06-18,2027-07-28,4.0786,4.045,-3.4,41.5
2026-06-18,2027-09-15,4.045,4.015,-3.0,38.5
2026-06-18,2027-10-27,4.015,3.985,-3.0,35.5
2026-06-18,2027-12-08,3.985,3.958,-2.7,32.8
2026-06-22,2026-10-28,3.8725,3.95,7.8,32.0
2026-06-22,2026-12-09,3.95,4.0486,9.9,41.9
2026-06-22,2027-01-27,4.0486,4.095,4.6,46.5
2026-06-22,2027-03-17,4.095,4.1393,4.4,50.9
2026-06-22,2027-04-28,4.1393,4.15,1.1,52.0
2026-06-22,2027-06-09,4.15,4.1357,-1.4,50.6
2026-06-22,2027-07-28,4.1357,4.105,-3.1,47.5
2026-06-22,2027-09-15,4.105,4.075,-3.0,44.5
2026-06-22,2027-10-27,4.075,4.045,-3.0,41.5
2026-06-22,2027-12-08,4.045,4.018,-2.7,38.8
2026-06-23,2026-10-28,3.8591,3.92,6.1,29.0
2026-06-23,2026-12-09,3.92,4.0116,9.2,38.2
2026-06-23,2027-01-27,4.0116,4.045,3.3,41.5
2026-06-23,2027-03-17,4.045,4.0893,4.4,45.9
2026-06-23,2027-04-28,4.0893,4.095,0.6,46.5
2026-06-23,2027-06-09,4.095,4.0807,-1.4,45.1
2026-06-23,2027-07-28,4.0807,4.055,-2.6,42.5
2026-06-23,2027-09-15,4.055,4.025,-3.0,39.5
2026-06-23,2027-10-27,4.025,3.995,-3.0,36.5
2026-06-23,2027-12-08,3.995,3.968,-2.7,33.8
2026-06-24,2026-10-28,3.8396,3.895,5.5,26.5
2026-06-24,2026-12-09,3.895,3.9725,7.8,34.3
2026-06-24,2027-01-27,3.9725,4.0,2.7,37.0
2026-06-24,2027-03-17,4.0,4.0332,3.3,40.3
2026-06-24,2027-04-28,4.0332,4.035,0.2,40.5
2026-06-24,2027-06-09,4.035,4.0136,-2.1,38.4
2026-06-24,2027-07-28,4.0136,3.985,-2.9,35.5
2026-06-24,2027-09-15,3.985,3.955,-3.0,32.5
2026-06-24,2027-10-27,3.955,3.915,-4.0,28.5
2026-06-24,2027-12-08,3.915,3.888,-2.7,25.8
2026-06-25,2026-10-28,3.8246,3.88,5.5,25.0
2026-06-25,2026-12-09,3.88,3.9645,8.5,33.5
2026-06-25,2027-01-27,3.9645,3.985,2.0,35.5
2026-06-25,2027-03-17,3.985,4.0182,3.3,38.8
2026-06-25,2027-04-28,4.0182,4.01,-0.8,38.0
2026-06-25,2027-06-09,4.01,3.9814,-2.9,35.1
2026-06-25,2027-07-28,3.9814,3.955,-2.6,32.5
2026-06-25,2027-09-15,3.955,3.925,-3.0,29.5
2026-06-25,2027-10-27,3.925,3.885,-4.0,25.5
2026-06-25,2027-12-08,3.885,3.858,-2.7,22.8
2026-06-26,2026-10-28,3.8102,3.86,5.0,23.0
2026-06-26,2026-12-09,3.86,3.9375,7.8,30.8
2026-06-26,2027-01-27,3.9375,3.95,1.2,32.0
2026-06-26,2027-03-17,3.95,3.9832,3.3,35.3
2026-06-26,2027-04-28,3.9832,3.975,-0.8,34.5
2026-06-26,2027-06-09,3.975,3.9464,-2.9,31.6
2026-06-26,2027-07-28,3.9464,3.92,-2.6,29.0
2026-06-26,2027-09-15,3.92,3.89,-3.0,26.0
2026-06-26,2027-10-27,3.89,3.85,-4.0,22.0
2026-06-26,2027-12-08,3.85,3.823,-2.7,19.3
2026-06-29,2026-10-28,3.8196,3.875,5.5,24.5
2026-06-29,2026-12-09,3.875,3.9595,8.5,32.9
2026-06-29,2027-01-27,3.9595,3.98,2.0,35.0
2026-06-29,2027-03-17,3.98,4.0132,3.3,38.3
2026-06-29,2027-04-28,4.0132,4.005,-0.8,37.5
2026-06-29,2027-06-09,4.005,3.9764,-2.9,34.6
2026-06-29,2027-07-28,3.9764,3.945,-3.1,31.5
2026-06-29,2027-09-15,3.945,3.915,-3.0,28.5
2026-06-29,2027-10-27,3.915,3.875,-4.0,24.5
2026-06-29,2027-12-08,3.875,3.848,-2.7,21.8
2026-06-30,2026-10-28,3.8396,3.895,5.5,26.5
2026-06-30,2026-12-09,3.895,3.9866,9.2,35.7
2026-06-30,2027-01-27,3.9866,4.005,1.8,37.5
2026-06-30,2027-03-17,4.005,4.0493,4.4,41.9
2026-06-30,2027-04-28,4.0493,4.04,-0.9,41.0
2026-06-30,2027-06-09,4.04,4.0114,-2.9,38.1
2026-06-30,2027-07-28,4.0114,3.98,-3.1,35.0
2026-06-30,2027-09-15,3.98,3.95,-3.0,32.0
2026-06-30,2027-10-27,3.95,3.91,-4.0,28.0
2026-06-30,2027-12-08,3.91,3.883,-2.7,25.3
2026-07-01,2026-10-28,3.8241,3.885,6.1,25.5
2026-07-01,2026-12-09,3.885,3.9836,9.9,35.4
2026-07-01,2027-01-27,3.9836,4.015,3.1,38.5
2026-07-01,2027-03-17,4.015,4.0593,4.4,42.9
2026-07-01,2027-04-28,4.0593,4.065,0.6,43.5
2026-07-01,2027-06-09,4.065,4.0436,-2.1,41.4
2026-07-01,2027-07-28,4.0436,4.01,-3.4,38.0
2026-07-01,2027-09-15,4.01,3.98,-3.0,35.0
2026-07-01,2027-10-27,3.98,3.94,-4.0,31.0
2026-07-01,2027-12-08,3.94,3.913,-2.7,28.3
2026-07-02,2026-10-28,3.7846,3.84,5.5,21.0
2026-07-02,2026-12-09,3.84,3.9386,9.9,30.9
2026-07-02,2027-01-27,3.9386,3.97,3.1,34.0
2026-07-02,2027-03-17,3.97,4.0143,4.4,38.4
2026-07-02,2027-04-28,4.0143,4.02,0.6,39.0
2026-07-02,2027-06-09,4.02,4.0057,-1.4,37.6
2026-07-02,2027-07-28,4.0057,3.97,-3.6,34.0
2026-07-02,2027-09-15,3.97,3.94,-3.0,31.0
2026-07-02,2027-10-27,3.94,3.905,-3.5,27.5
2026-07-02,2027-12-08,3.905,3.878,-2.7,24.8
2026-07-06,2026-10-28,3.8007,3.845,4.4,21.5
2026-07-06,2026-12-09,3.845,3.9295,8.5,30.0
2026-07-06,2027-01-27,3.9295,3.955,2.5,32.5
2026-07-06,2027-03-17,3.955,3.9993,4.4,36.9
2026-07-06,2027-04-28,3.9993,4.005,0.6,37.5
2026-07-06,2027-06-09,4.005,3.9836,-2.1,35.4
2026-07-06,2027-07-28,3.9836,3.95,-3.4,32.0
2026-07-06,2027-09-15,3.95,3.92,-3.0,29.0
2026-07-06,2027-10-27,3.92,3.89,-3.0,26.0
2026-07-06,2027-12-08,3.89,3.863,-2.7,23.3
2026-07-07,2026-10-28,3.8152,3.865,5.0,23.5
2026-07-07,2026-12-09,3.865,3.9566,9.2,32.7
2026-07-07,2027-01-27,3.9566,3.99,3.3,36.0
2026-07-07,2027-03-17,3.99,4.0454,5.5,41.5
2026-07-07,2027-04-28,4.0454,4.045,-0.0,41.5
2026-07-07,2027-06-09,4.045,4.0307,-1.4,40.1
2026-07-07,2027-07-28,4.0307,4.0,-3.1,37.0
2026-07-07,2027-09-15,4.0,3.97,-3.0,34.0
2026-07-07,2027-10-27,3.97,3.94,-3.0,31.0
2026-07-07,2027-12-08,3.94,3.913,-2.7,28.3
2026-07-08,2026-10-28,3.8341,3.895,6.1,27.5
2026-07-08,2026-12-09,3.895,3.9936,9.9,37.4
2026-07-08,2027-01-27,3.9936,4.025,3.1,40.5
2026-07-08,2027-03-17,4.025,4.0804,5.5,46.0
2026-07-08,2027-04-28,4.0804,4.085,0.5,46.5
2026-07-08,2027-06-09,4.085,4.0707,-1.4,45.1
2026-07-08,2027-07-28,4.0707,4.04,-3.1,42.0
2026-07-08,2027-09-15,4.04,4.01,-3.0,39.0
2026-07-08,2027-10-27,4.01,3.98,-3.0,36.0
2026-07-08,2027-12-08,3.98,3.953,-2.7,33.3
2026-07-09,2026-10-28,3.8102,3.86,5.0,24.0
2026-07-09,2026-12-09,3.86,3.9516,9.2,33.2
2026-07-09,2027-01-27,3.9516,3.99,3.8,37.0
2026-07-09,2027-03-17,3.99,4.0343,4.4,41.4
2026-07-09,2027-04-28,4.0343,4.045,1.1,42.5
2026-07-09,2027-06-09,4.045,4.0307,-1.4,41.1
2026-07-09,2027-07-28,4.0307,4.005,-2.6,38.5
2026-07-09,2027-09-15,4.005,3.975,-3.0,35.5
2026-07-09,2027-10-27,3.975,3.945,-3.0,32.5
2026-07-09,2027-12-08,3.945,3.918,-2.7,29.8
2026-07-10,2026-10-28,3.8446,3.9,5.5,28.0
2026-07-10,2026-12-09,3.9,3.9986,9.9,37.9
2026-07-10,2027-01-27,3.9986,4.03,3.1,41.0
2026-07-10,2027-03-17,4.03,4.0854,5.5,46.5
2026-07-10,2027-04-28,4.0854,4.095,1.0,47.5
2026-07-10,2027-06-09,4.095,4.0807,-1.4,46.1
2026-07-10,2027-07-28,4.0807,4.055,-2.6,43.5
2026-07-10,2027-09-15,4.055,4.025,-3.0,40.5
2026-07-10,2027-10-27,4.025,3.995,-3.0,37.5
2026-07-10,2027-12-08,3.995,3.968,-2.7,34.8
2026-07-13,2026-10-28,3.873,3.945,7.2,32.5
2026-07-13,2026-12-09,3.945,4.0436,9.9,42.4
2026-07-13,2027-01-27,4.0436,4.09,4.6,47.0
2026-07-13,2027-03-17,4.09,4.1454,5.5,52.5
2026-07-13,2027-04-28,4.1454,4.16,1.5,54.0
2026-07-13,2027-06-09,4.16,4.1457,-1.4,52.6
2026-07-13,2027-07-28,4.1457,4.12,-2.6,50.0
2026-07-13,2027-09-15,4.12,4.09,-3.0,47.0
2026-07-13,2027-10-27,4.09,4.06,-3.0,44.0
2026-07-13,2027-12-08,4.06,4.033,-2.7,41.3
2026-07-14,2026-10-28,3.7902,3.84,5.0,21.0
2026-07-14,2026-12-09,3.84,3.9316,9.2,30.2
2026-07-14,2027-01-27,3.9316,3.97,3.8,34.0
2026-07-14,2027-03-17,3.97,4.0364,6.6,40.6
2026-07-14,2027-04-28,4.0364,4.055,1.9,42.5
2026-07-14,2027-06-09,4.055,4.055,0.0,42.5
2026-07-14,2027-07-28,4.055,4.04,-1.5,41.0
2026-07-14,2027-09-15,4.04,4.02,-2.0,39.0
2026-07-14,2027-10-27,4.02,3.995,-2.5,36.5
2026-07-14,2027-12-08,3.995,3.968,-2.7,33.8
2026-07-15,2026-10-28,3.7607,3.805,4.4,17.5
2026-07-15,2026-12-09,3.805,3.8825,7.7,25.2
2026-07-15,2027-01-27,3.8825,3.915,3.3,28.5
2026-07-15,2027-03-17,3.915,3.9593,4.4,32.9
2026-07-15,2027-04-28,3.9593,3.985,2.6,35.5
2026-07-15,2027-06-09,3.985,3.9779,-0.7,34.8
2026-07-15,2027-07-28,3.9779,3.965,-1.3,33.5
2026-07-15,2027-09-15,3.965,3.945,-2.0,31.5
2026-07-15,2027-10-27,3.945,3.92,-2.5,29.0
2026-07-15,2027-12-08,3.92,3.893,-2.7,26.3
2026-07-16,2026-10-28,3.7702,3.82,5.0,19.0
2026-07-16,2026-12-09,3.82,3.9045,8.5,27.5
2026-07-16,2027-01-27,3.9045,3.94,3.5,31.0
2026-07-16,2027-03-17,3.94,3.9954,5.5,36.5
2026-07-16,2027-04-28,3.9954,4.015,2.0,38.5
2026-07-16,2027-06-09,4.015,4.015,0.0,38.5
2026-07-16,2027-07-28,4.015,4.0,-1.5,37.0
2026-07-16,2027-09-15,4.0,3.98,-2.0,35.0
2026-07-16,2027-10-27,3.98,3.955,-2.5,32.5
2026-07-16,2027-12-08,3.955,3.928,-2.7,29.8
2026-07-17,2026-10-28,3.7891,3.85,6.1,22.0
2026-07-17,2026-12-09,3.85,3.9416,9.2,31.2
2026-07-17,2027-01-27,3.9416,3.975,3.3,34.5
2026-07-17,2027-03-17,3.975,4.0304,5.5,40.0
2026-07-17,2027-04-28,4.0304,4.04,1.0,41.0
2026-07-17,2027-06-09,4.04,4.04,0.0,41.0
2026-07-17,2027-07-28,4.04,4.02,-2.0,39.0
2026-07-17,2027-09-15,4.02,3.99,-3.0,36.0
2026-07-17,2027-10-27,3.99,3.97,-2.0,34.0
2026-07-17,2027-12-08,3.97,3.943,-2.7,31.3
2026-07-20,2026-10-28,3.8086,3.875,6.6,24.5
2026-07-20,2026-12-09,3.875,3.9736,9.9,34.4
2026-07-20,2027-01-27,3.9736,4.01,3.6,38.0
2026-07-20,2027-03-17,4.01,4.0654,5.5,43.5
2026-07-20,2027-04-28,4.0654,4.08,1.5,45.0
2026-07-20,2027-06-09,4.08,4.08,0.0,45.0
2026-07-20,2027-07-28,4.08,4.06,-2.0,43.0
2026-07-20,2027-09-15,4.06,4.03,-3.0,40.0
2026-07-20,2027-10-27,4.03,4.01,-2.0,38.0
2026-07-20,2027-12-08,4.01,3.983,-2.7,35.3
2026-07-21,2026-10-28,3.838,3.91,7.2,28.0
2026-07-21,2026-12-09,3.91,4.0157,10.6,38.6
2026-07-21,2027-01-27,4.0157,4.055,3.9,42.5
2026-07-21,2027-03-17,4.055,4.1214,6.6,49.1
2026-07-21,2027-04-28,4.1214,4.135,1.4,50.5
2026-07-21,2027-06-09,4.135,4.1279,-0.7,49.8
2026-07-21,2027-07-28,4.1279,4.11,-1.8,48.0
2026-07-21,2027-09-15,4.11,4.08,-3.0,45.0
2026-07-21,2027-10-27,4.08,4.06,-2.0,43.0
2026-07-21,2027-12-08,4.06,4.033,-2.7,40.3
2026-07-22,2026-10-28,3.878,3.95,7.2,32.0
2026-07-22,2026-12-09,3.95,4.0486,9.9,41.9
2026-07-22,2027-01-27,4.0486,4.095,4.6,46.5
2026-07-22,2027-03-17,4.095,4.1504,5.5,52.0
2026-07-22,2027-04-28,4.1504,4.175,2.5,54.5
2026-07-22,2027-06-09,4.175,4.175,0.0,54.5
2026-07-22,2027-07-28,4.175,4.155,-2.0,52.5
2026-07-22,2027-09-15,4.155,4.125,-3.0,49.5
2026-07-22,2027-10-27,4.125,4.105,-2.0,47.5
2026-07-22,2027-12-08,4.105,4.078,-2.7,44.8
2026-07-23,2026-10-28,3.8975,3.975,7.7,34.5
2026-07-23,2026-12-09,3.975,4.0807,10.6,45.1
2026-07-23,2027-01-27,4.0807,4.13,4.9,50.0
2026-07-23,2027-03-17,4.13,4.1964,6.6,56.6
2026-07-23,2027-04-28,4.1964,4.23,3.4,60.0
2026-07-23,2027-06-09,4.23,4.2371,0.7,60.7
2026-07-23,2027-07-28,4.2371,4.23,-0.7,60.0
2026-07-23,2027-09-15,4.23,4.2,-3.0,57.0
2026-07-23,2027-10-27,4.2,4.175,-2.5,54.5
2026-07-23,2027-12-08,4.175,4.148,-2.7,51.8
2026-07-24,2026-10-28,3.898,3.97,7.2,34.0
2026-07-24,2026-12-09,3.97,4.0686,9.9,43.9
2026-07-24,2027-01-27,4.0686,4.115,4.6,48.5
2026-07-24,2027-03-17,4.115,4.1814,6.6,55.1
2026-07-24,2027-04-28,4.1814,4.205,2.4,57.5
2026-07-24,2027-06-09,4.205,4.205,0.0,57.5
2026-07-24,2027-07-28,4.205,4.19,-1.5,56.0
2026-07-24,2027-09-15,4.19,4.16,-3.0,53.0
2026-07-24,2027-10-27,4.16,4.135,-2.5,50.5
2026-07-24,2027-12-08,4.135,4.108,-2.7,47.8
2026-07-27,2026-10-28,3.8975,3.975,7.7,34.5
2026-07-27,2026-12-09,3.975,4.0666,9.2,43.7
2026-07-27,2027-01-27,4.0666,4.11,4.3,48.0
2026-07-27,2027-03-17,4.11,4.1654,5.5,53.5
2026-07-27,2027-04-28,4.1654,4.185,2.0,55.5
2026-07-27,2027-06-09,4.185,4.185,0.0,55.5
2026-07-27,2027-07-28,4.185,4.17,-1.5,54.0
2026-07-27,2027-09-15,4.17,4.14,-3.0,51.0
2026-07-27,2027-10-27,4.14,4.115,-2.5,48.5
2026-07-27,2027-12-08,4.115,4.0813,-3.4,45.1
2026-07-28,2026-10-28,3.868,3.94,7.2,31.0
2026-07-28,2026-12-09,3.94,4.0316,9.2,40.2
2026-07-28,2027-01-27,4.0316,4.07,3.8,44.0
2026-07-28,2027-03-17,4.07,4.1254,5.5,49.5
2026-07-28,2027-04-28,4.1254,4.14,1.5,51.0
2026-07-28,2027-06-09,4.14,4.14,0.0,51.0
2026-07-28,2027-07-28,4.14,4.125,-1.5,49.5
2026-07-28,2027-09-15,4.125,4.095,-3.0,46.5
2026-07-28,2027-10-27,4.095,4.07,-2.5,44.0
2026-07-28,2027-12-08,4.07,4.0363,-3.4,40.6
2026-07-29,2026-10-28,3.7786,3.845,6.6,21.5
2026-07-29,2026-12-09,3.845,3.9507,10.6,32.1
2026-07-29,2027-01-27,3.9507,4.0,4.9,37.0
2026-07-29,2027-03-17,4.0,4.0664,6.6,43.6
2026-07-29,2027-04-28,4.0664,4.1,3.4,47.0
2026-07-29,2027-06-09,4.1,4.1071,0.7,47.7
2026-07-29,2027-07-28,4.1071,4.095,-1.2,46.5
2026-07-29,2027-09-15,4.095,4.065,-3.0,43.5
2026-07-29,2027-10-27,4.065,4.045,-2.0,41.5
2026-07-29,2027-12-08,4.045,4.0113,-3.4,38.1
2026-07-30,2026-10-28,3.7936,3.86,6.6,23.0
2026-07-30,2026-12-09,3.86,3.9586,9.9,32.9
2026-07-30,2027-01-27,3.9586,4.0,4.1,37.0
2026-07-30,2027-03-17,4.0,4.0664,6.6,43.6
2026-07-30,2027-04-28,4.0664,4.09,2.4,46.0
2026-07-30,2027-06-09,4.09,4.0971,0.7,46.7
2026-07-30,2027-07-28,4.0971,4.085,-1.2,45.5
2026-07-30,2027-09-15,4.085,4.065,-2.0,43.5
2026-07-30,2027-10-27,4.065,4.045,-2.0,41.5
2026-07-30,2027-12-08,4.045,4.0113,-3.4,38.1
2026-07-31,2026-10-28,3.7975,3.875,7.7,24.5
2026-07-31,2026-12-09,3.875,3.9948,12.0,36.5
2026-07-31,2027-01-27,3.9948,4.055,6.0,42.5
2026-07-31,2027-03-17,4.055,4.1325,7.7,50.3
2026-07-31,2027-04-28,4.1325,4.165,3.3,53.5
2026-07-31,2027-06-09,4.165,4.1793,1.4,54.9
2026-07-31,2027-07-28,4.1793,4.17,-0.9,54.0
2026-07-31,2027-09-15,4.17,4.15,-2.0,52.0
2026-07-31,2027-10-27,4.15,4.13,-2.0,50.0
2026-07-31,2027-12-08,4.13,4.0963,-3.4,46.6
2026-08-03,2026-10-28,3.803,3.875,7.2,24.5
2026-08-03,2026-12-09,3.875,3.9877,11.3,35.8
2026-08-03,2027-01-27,3.9877,4.03,4.2,40.0
2026-08-03,2027-03-17,4.03,4.0964,6.6,46.6
2026-08-03,2027-04-28,4.0964,4.125,2.9,49.5
2026-08-03,2027-06-09,4.125,4.1393,1.4,50.9
2026-08-03,2027-07-28,4.1393,4.13,-0.9,50.0
2026-08-03,2027-09-15,4.13,4.1,-3.0,47.0
2026-08-03,2027-10-27,4.1,4.085,-1.5,45.5
2026-08-03,2027-12-08,4.085,4.0513,-3.4,42.1
2026-08-04,2026-10-28,3.7786,3.845,6.6,21.5
2026-08-04,2026-12-09,3.845,3.9577,11.3,32.8
2026-08-04,2027-01-27,3.9577,3.98,2.2,35.0
2026-08-04,2027-03-17,3.98,4.0464,6.6,41.6
2026-08-04,2027-04-28,4.0464,4.06,1.4,43.0
2026-08-04,2027-06-09,4.06,4.0743,1.4,44.4
2026-08-04,2027-07-28,4.0743,4.06,-1.4,43.0
2026-08-04,2027-09-15,4.06,4.03,-3.0,40.0
2026-08-04,2027-10-27,4.03,4.015,-1.5,38.5
2026-08-04,2027-12-08,4.015,3.9813,-3.4,35.1
2026-08-05,2026-10-28,3.7686,3.835,6.6,20.5
2026-08-05,2026-12-09,3.835,3.9407,10.6,31.1
2026-08-05,2027-01-27,3.9407,3.965,2.4,33.5
2026-08-05,2027-03-17,3.965,4.0314,6.6,40.1
2026-08-05,2027-04-28,4.0314,4.035,0.4,40.5
2026-08-05,2027-06-09,4.035,4.0421,0.7,41.2
2026-08-05,2027-07-28,4.0421,4.03,-1.2,40.0
2026-08-05,2027-09-15,4.03,4.0,-3.0,37.0
2026-08-05,2027-10-27,4.0,3.985,-1.5,35.5
2026-08-05,2027-12-08,3.985,3.9513,-3.4,32.1
2026-08-06,2026-10-28,3.7725,3.85,7.7,22.0
2026-08-06,2026-12-09,3.85,3.9768,12.7,34.7
2026-08-06,2027-01-27,3.9768,4.015,3.8,38.5
2026-08-06,2027-03-17,4.015,4.0814,6.6,45.1
2026-08-06,2027-04-28,4.0814,4.105,2.4,47.5
2026-08-06,2027-06-09,4.105,4.1193,1.4,48.9
2026-08-06,2027-07-28,4.1193,4.11,-0.9,48.0
2026-08-06,2027-09-15,4.11,4.09,-2.0,46.0
2026-08-06,2027-10-27,4.09,4.07,-2.0,44.0
2026-08-06,2027-12-08,4.07,4.0363,-3.4,40.6
2026-08-07,2026-10-28,3.7436,3.81,6.6,18.0
2026-08-07,2026-12-09,3.81,3.9227,11.3,29.3
2026-08-07,2027-01-27,3.9227,3.96,3.7,33.0
2026-08-07,2027-03-17,3.96,4.0264,6.6,39.6
2026-08-07,2027-04-28,4.0264,4.045,1.9,41.5
2026-08-07,2027-06-09,4.045,4.0664,2.1,43.6
2026-08-07,2027-07-28,4.0664,4.055,-1.1,42.5
2026-08-07,2027-09-15,4.055,4.035,-2.0,40.5
2026-08-07,2027-10-27,4.035,4.02,-1.5,39.0
2026-08-07,2027-12-08,4.02,3.993,-2.7,36.3
2026-08-10,2026-10-28,3.763,3.835,7.2,20.5
2026-08-10,2026-12-09,3.835,3.9477,11.3,31.8
2026-08-10,2027-01-27,3.9477,3.99,4.2,36.0
2026-08-10,2027-03-17,3.99,4.0564,6.6,42.6
2026-08-10,2027-04-28,4.0564,4.075,1.9,44.5
2026-08-10,2027-06-09,4.075,4.1036,2.9,47.4
2026-08-10,2027-07-28,4.1036,4.095,-0.9,46.5
2026-08-10,2027-09-15,4.095,4.085,-1.0,45.5
2026-08-10,2027-10-27,4.085,4.065,-2.0,43.5
2026-08-10,2027-12-08,4.065,4.038,-2.7,40.8
2026-08-11,2026-10-28,3.7536,3.82,6.6,19.0
2026-08-11,2026-12-09,3.82,3.9327,11.3,30.3
2026-08-11,2027-01-27,3.9327,3.97,3.7,34.0
2026-08-11,2027-03-17,3.97,4.0364,6.6,40.6
2026-08-11,2027-04-28,4.0364,4.055,1.9,42.5
2026-08-11,2027-06-09,4.055,4.0764,2.1,44.6
2026-08-11,2027-07-28,4.0764,4.07,-0.6,44.0
2026-08-11,2027-09-15,4.07,4.06,-1.0,43.0
2026-08-11,2027-10-27,4.06,4.045,-1.5,41.5
2026-08-11,2027-12-08,4.045,4.018,-2.7,38.8
2026-08-12,2026-10-28,3.7341,3.795,6.1,16.5
2026-08-12,2026-12-09,3.795,3.9077,11.3,27.8
2026-08-12,2027-01-27,3.9077,3.945,3.7,31.5
2026-08-12,2027-03-17,3.945,4.0114,6.6,38.1
2026-08-12,2027-04-28,4.0114,4.03,1.9,40.0
2026-08-12,2027-06-09,4.03,4.0514,2.1,42.1
2026-08-12,2027-07-28,4.0514,4.05,-0.1,42.0
2026-08-12,2027-09-15,4.05,4.04,-1.0,41.0
2026-08-12,2027-10-27,4.04,4.025,-1.5,39.5
2026-08-12,2027-12-08,4.025,3.998,-2.7,36.8
2026-08-13,2026-10-28,3.7146,3.77,5.5,14.0
2026-08-13,2026-12-09,3.77,3.8616,9.2,23.2
2026-08-13,2027-01-27,3.8616,3.895,3.3,26.5
2026-08-13,2027-03-17,3.895,3.9504,5.5,32.0
2026-08-13,2027-04-28,3.9504,3.965,1.5,33.5
2026-08-13,2027-06-09,3.965,3.9864,2.1,35.6
2026-08-13,2027-07-28,3.9864,3.98,-0.6,35.0
2026-08-13,2027-09-15,3.98,3.97,-1.0,34.0
2026-08-13,2027-10-27,3.97,3.96,-1.0,33.0
2026-08-13,2027-12-08,3.96,3.933,-2.7,30.3
2026-08-14,2026-10-28,3.7152,3.765,5.0,13.5
2026-08-14,2026-12-09,3.765,3.8636,9.9,23.4
2026-08-14,2027-01-27,3.8636,3.91,4.6,28.0
2026-08-14,2027-03-17,3.91,3.9654,5.5,33.5
2026-08-14,2027-04-28,3.9654,3.99,2.5,36.0
2026-08-14,2027-06-09,3.99,4.0114,2.1,38.1
2026-08-14,2027-07-28,4.0114,4.01,-0.1,38.0
2026-08-14,2027-09-15,4.01,4.0,-1.0,37.0
2026-08-14,2027-10-27,4.0,3.99,-1.0,36.0
2026-08-14,2027-12-08,3.99,3.9698,-2.0,34.0
2026-08-17,2026-10-28,3.7202,3.77,5.0,14.0
2026-08-17,2026-12-09,3.77,3.8686,9.9,23.9
2026-08-17,2027-01-27,3.8686,3.915,4.6,28.5
2026-08-17,2027-03-17,3.915,3.9814,6.6,35.1
2026-08-17,2027-04-28,3.9814,4.0,1.9,37.0
2026-08-17,2027-06-09,4.0,4.0214,2.1,39.1
2026-08-17,2027-07-28,4.0214,4.02,-0.1,39.0
2026-08-17,2027-09-15,4.02,4.01,-1.0,38.0
2026-08-17,2027-10-27,4.01,4.005,-0.5,37.5
2026-08-17,2027-12-08,4.005,3.9848,-2.0,35.5
2026-08-18,2026-10-28,3.7202,3.77,5.0,14.0
2026-08-18,2026-12-09,3.77,3.8686,9.9,23.9
2026-08-18,2027-01-27,3.8686,3.915,4.6,28.5
2026-08-18,2027-03-17,3.915,3.9814,6.6,35.1
2026-08-18,2027-04-28,3.9814,3.995,1.4,36.5
2026-08-18,2027-06-09,3.995,4.0164,2.1,38.6
2026-08-18,2027-07-28,4.0164,4.015,-0.1,38.5
2026-08-18,2027-09-15,4.015,4.005,-1.0,37.5
2026-08-18,2027-10-27,4.005,4.0,-0.5,37.0
2026-08-18,2027-12-08,4.0,3.9798,-2.0,35.0
2026-08-19,2026-10-28,3.7152,3.765,5.0,13.5
2026-08-19,2026-12-09,3.765,3.8636,9.9,23.4
2026-08-19,2027-01-27,3.8636,3.91,4.6,28.0
2026-08-19,2027-03-17,3.91,3.9764,6.6,34.6
2026-08-19,2027-04-28,3.9764,3.995,1.9,36.5
2026-08-19,2027-06-09,3.995,4.0236,2.9,39.4
2026-08-19,2027-07-28,4.0236,4.02,-0.4,39.0
2026-08-19,2027-09-15,4.02,4.02,0.0,39.0
2026-08-19,2027-10-27,4.02,4.01,-1.0,38.0
2026-08-19,2027-12-08,4.01,3.9898,-2.0,36.0
2026-08-20,2026-10-28,3.7202,3.77,5.0,14.0
2026-08-20,2026-12-09,3.77,3.8616,9.2,23.2
2026-08-20,2027-01-27,3.8616,3.905,4.3,27.5
2026-08-20,2027-03-17,3.905,3.9714,6.6,34.1
2026-08-20,2027-04-28,3.9714,3.99,1.9,36.0
2026-08-20,2027-06-09,3.99,4.0186,2.9,38.9
2026-08-20,2027-07-28,4.0186,4.02,0.1,39.0
2026-08-20,2027-09-15,4.02,4.02,0.0,39.0
2026-08-20,2027-10-27,4.02,4.015,-0.5,38.5
2026-08-20,2027-12-08,4.015,3.9948,-2.0,36.5
2026-08-21,2026-10-28,3.7296,3.785,5.5,15.5
2026-08-21,2026-12-09,3.785,3.8907,10.6,26.1
2026-08-21,2027-01-27,3.8907,3.935,4.4,30.5
2026-08-21,2027-03-17,3.935,4.0125,7.7,38.3
2026-08-21,2027-04-28,4.0125,4.035,2.3,40.5
2026-08-21,2027-06-09,4.035,4.0707,3.6,44.1
2026-08-21,2027-07-28,4.0707,4.075,0.4,44.5
2026-08-21,2027-09-15,4.075,4.075,0.0,44.5
2026-08-21,2027-10-27,4.075,4.07,-0.5,44.0
2026-08-21,2027-12-08,4.07,4.0498,-2.0,42.0
2026-08-24,2026-10-28,3.7336,3.8,6.6,17.0
2026-08-24,2026-12-09,3.8,3.9127,11.3,28.3
2026-08-24,2027-01-27,3.9127,3.955,4.2,32.5
2026-08-24,2027-03-17,3.955,4.0325,7.7,40.2
2026-08-24,2027-04-28,4.0325,4.05,1.8,42.0
2026-08-24,2027-06-09,4.05,4.0786,2.9,44.9
2026-08-24,2027-07-28,4.0786,4.085,0.6,45.5
2026-08-24,2027-09-15,4.085,4.085,0.0,45.5
2026-08-24,2027-10-27,4.085,4.075,-1.0,44.5
2026-08-24,2027-12-08,4.075,4.0548,-2.0,42.5
2026-08-25,2026-10-28,3.7291,3.79,6.1,16.0
2026-08-25,2026-12-09,3.79,3.8957,10.6,26.6
2026-08-25,2027-01-27,3.8957,3.935,3.9,30.5
2026-08-25,2027-03-17,3.935,4.0014,6.6,37.1
2026-08-25,2027-04-28,4.0014,4.015,1.4,38.5
2026-08-25,2027-06-09,4.015,4.0364,2.1,40.6
2026-08-25,2027-07-28,4.0364,4.035,-0.1,40.5
2026-08-25,2027-09-15,4.035,4.035,0.0,40.5
2026-08-25,2027-10-27,4.035,4.025,-1.0,39.5
2026-08-25,2027-12-08,4.025,4.0048,-2.0,37.5
2026-08-26,2026-10-28,3.7241,3.785,6.1,15.5
2026-08-26,2026-12-09,3.785,3.8977,11.3,26.8
2026-08-26,2027-01-27,3.8977,3.945,4.7,31.5
2026-08-26,2027-03-17,3.945,4.0225,7.8,39.3
2026-08-26,2027-04-28,4.0225,4.035,1.2,40.5
2026-08-26,2027-06-09,4.035,4.0636,2.9,43.4
2026-08-26,2027-07-28,4.0636,4.065,0.1,43.5
2026-08-26,2027-09-15,4.065,4.065,0.0,43.5
2026-08-26,2027-10-27,4.065,4.055,-1.0,42.5
2026-08-26,2027-12-08,4.055,4.0348,-2.0,40.5
2026-08-27,2026-10-28,3.7186,3.785,6.6,15.5
2026-08-27,2026-12-09,3.785,3.9048,12.0,27.5
2026-08-27,2027-01-27,3.9048,3.95,4.5,32.0
2026-08-27,2027-03-17,3.95,4.0275,7.7,39.8
2026-08-27,2027-04-28,4.0275,4.05,2.3,42.0
2026-08-27,2027-06-09,4.05,4.0786,2.9,44.9
2026-08-27,2027-07-28,4.0786,4.08,0.1,45.0
2026-08-27,2027-09-15,4.08,4.08,0.0,45.0
2026-08-27,2027-10-27,4.08,4.07,-1.0,44.0
2026-08-27,2027-12-08,4.07,4.0498,-2.0,42.0
2026-08-28,2026-10-28,3.7725,3.85,7.7,22.0
2026-08-28,2026-12-09,3.85,4.012,16.2,38.2
2026-08-28,2027-01-27,4.012,4.075,6.3,44.5
2026-08-28,2027-03-17,4.075,4.1746,10.0,54.5
2026-08-28,2027-04-28,4.1746,4.2,2.5,57.0
2026-08-28,2027-06-09,4.2,4.2286,2.9,59.9
2026-08-28,2027-07-28,4.2286,4.23,0.1,60.0
2026-08-28,2027-09-15,4.23,4.23,0.0,60.0
2026-08-28,2027-10-27,4.23,4.21,-2.0,58.0
2026-08-28,2027-12-08,4.21,4.183,-2.7,55.3
2026-08-31,2026-10-28,3.7936,3.86,6.6,23.0
2026-08-31,2026-12-09,3.86,4.008,14.8,37.8
2026-08-31,2027-01-27,4.008,4.07,6.2,44.0
2026-08-31,2027-03-17,4.07,4.1696,10.0,54.0
2026-08-31,2027-04-28,4.1696,4.195,2.5,56.5
2026-08-31,2027-06-09,4.195,4.2307,3.6,60.1
2026-08-31,2027-07-28,4.2307,4.23,-0.1,60.0
2026-08-31,2027-09-15,4.23,4.23,0.0,60.0
2026-08-31,2027-10-27,4.23,4.21,-2.0,58.0
2026-08-31,2027-12-08,4.21,4.183,-2.7,55.3
2026-09-01,2026-10-28,3.798,3.87,7.2,24.0
2026-09-01,2026-12-09,3.87,4.025,15.5,39.5
2026-09-01,2027-01-27,4.025,4.09,6.5,46.0
2026-09-01,2027-03-17,4.09,4.1896,10.0,56.0
2026-09-01,2027-04-28,4.1896,4.225,3.5,59.5
2026-09-01,2027-06-09,4.225,4.2679,4.3,63.8
2026-09-01,2027-07-28,4.2679,4.275,0.7,64.5
2026-09-01,2027-09-15,4.275,4.275,0.0,64.5
2026-09-01,2027-10-27,4.275,4.265,-1.0,63.5
2026-09-01,2027-12-08,4.265,4.238,-2.7,60.8
2026-09-02,2026-10-28,3.788,3.86,7.2,23.0
2026-09-02,2026-12-09,3.86,4.015,15.5,38.5
2026-09-02,2027-01-27,4.015,4.075,6.0,44.5
2026-09-02,2027-03-17,4.075,4.1746,10.0,54.5
2026-09-02,2027-04-28,4.1746,4.21,3.5,58.0
2026-09-02,2027-06-09,4.21,4.2529,4.3,62.3
2026-09-02,2027-07-28,4.2529,4.265,1.2,63.5
2026-09-02,2027-09-15,4.265,4.265,0.0,63.5
2026-09-02,2027-10-27,4.265,4.255,-1.0,62.5
2026-09-02,2027-12-08,4.255,4.228,-2.7,59.8
2026-09-03,2026-10-28,3.7536,3.82,6.6,19.0
2026-09-03,2026-12-09,3.82,3.9539,13.4,32.4
2026-09-03,2027-01-27,3.9539,4.01,5.6,38.0
2026-09-03,2027-03-17,4.01,4.1207,11.1,49.1
2026-09-03,2027-04-28,4.1207,4.145,2.4,51.5
2026-09-03,2027-06-09,4.145,4.195,5.0,56.5
2026-09-03,2027-07-28,4.195,4.205,1.0,57.5
2026-09-03,2027-09-15,4.205,4.205,0.0,57.5
2026-09-03,2027-10-27,4.205,4.2,-0.5,57.0
2026-09-03,2027-12-08,4.2,4.173,-2.7,54.3
2026-09-04,2026-10-28,3.7786,3.845,6.6,21.5
2026-09-04,2026-12-09,3.845,3.9789,13.4,34.9
2026-09-04,2027-01-27,3.9789,4.035,5.6,40.5
2026-09-04,2027-03-17,4.035,4.1457,11.1,51.6
2026-09-04,2027-04-28,4.1457,4.17,2.4,54.0
2026-09-04,2027-06-09,4.17,4.22,5.0,59.0
2026-09-04,2027-07-28,4.22,4.235,1.5,60.5
2026-09-04,2027-09-15,4.235,4.245,1.0,61.5
2026-09-04,2027-10-27,4.245,4.24,-0.5,61.0
2026-09-04,2027-12-08,4.24,4.2198,-2.0,59.0
2026-09-08,2026-10-28,3.7786,3.845,6.6,21.5
2026-09-08,2026-12-09,3.845,3.9789,13.4,34.9
2026-09-08,2027-01-27,3.9789,4.045,6.6,41.5
2026-09-08,2027-03-17,4.045,4.1446,10.0,51.5
2026-09-08,2027-04-28,4.1446,4.18,3.5,55.0
2026-09-08,2027-06-09,4.18,4.2371,5.7,60.7
2026-09-08,2027-07-28,4.2371,4.25,1.3,62.0
2026-09-08,2027-09-15,4.25,4.26,1.0,63.0
2026-09-08,2027-10-27,4.26,4.26,0.0,63.0
2026-09-08,2027-12-08,4.26,4.2398,-2.0,61.0
2026-09-09,2026-10-28,3.783,3.855,7.2,22.5
2026-09-09,2026-12-09,3.855,3.9959,14.1,36.6
2026-09-09,2027-01-27,3.9959,4.06,6.4,43.0
2026-09-09,2027-03-17,4.06,4.1707,11.1,54.1
2026-09-09,2027-04-28,4.1707,4.205,3.4,57.5
2026-09-09,2027-06-09,4.205,4.2621,5.7,63.2
2026-09-09,2027-07-28,4.2621,4.28,1.8,65.0
2026-09-09,2027-09-15,4.28,4.3,2.0,67.0
2026-09-09,2027-10-27,4.3,4.295,-0.5,66.5
2026-09-09,2027-12-08,4.295,4.2815,-1.3,65.2
2026-09-10,2026-10-28,3.8109,3.905,9.4,27.5
2026-09-10,2026-12-09,3.905,4.0741,16.9,44.4
2026-09-10,2027-01-27,4.0741,4.165,9.1,53.5
2026-09-10,2027-03-17,4.165,4.3089,14.4,67.9
2026-09-10,2027-04-28,4.3089,4.355,4.6,72.5
2026-09-10,2027-06-09,4.355,4.4193,6.4,78.9
2026-09-10,2027-07-28,4.4193,4.445,2.6,81.5
2026-09-10,2027-09-15,4.445,4.465,2.0,83.5
2026-09-10,2027-10-27,4.465,4.46,-0.5,83.0
2026-09-10,2027-12-08,4.46,4.4465,-1.3,81.7
2026-09-11,2026-10-28,3.8482,3.97,12.2,34.0
2026-09-11,2026-12-09,3.97,4.1391,16.9,50.9
2026-09-11,2027-01-27,4.1391,4.23,9.1,60.0
2026-09-11,2027-03-17,4.23,4.385,15.5,75.5
2026-09-11,2027-04-28,4.385,4.445,6.0,81.5
2026-09-11,2027-06-09,4.445,4.5236,7.9,89.4
2026-09-11,2027-07-28,4.5236,4.55,2.6,92.0
2026-09-11,2027-09-15,4.55,4.57,2.0,94.0
2026-09-11,2027-10-27,4.57,4.565,-0.5,93.5
2026-09-11,2027-12-08,4.565,4.5448,-2.0,91.5
2026-09-14,2026-10-28,3.8637,3.98,11.6,35.0
2026-09-14,2026-12-09,3.98,4.1491,16.9,51.9
2026-09-14,2027-01-27,4.1491,4.235,8.6,60.5
2026-09-14,2027-03-17,4.235,4.3789,14.4,74.9
2026-09-14,2027-04-28,4.3789,4.43,5.1,80.0
2026-09-14,2027-06-09,4.43,4.5014,7.1,87.1
2026-09-14,2027-07-28,4.5014,4.53,2.9,90.0
2026-09-14,2027-09-15,4.53,4.55,2.0,92.0
2026-09-14,2027-10-27,4.55,4.545,-0.5,91.5
2026-09-14,2027-12-08,4.545,4.5248,-2.0,89.5
2026-09-15,2026-10-28,3.8637,3.98,11.6,35.0
2026-09-15,2026-12-09,3.98,4.1561,17.6,52.6
2026-09-15,2027-01-27,4.1561,4.24,8.4,61.0
2026-09-15,2027-03-17,4.24,4.395,15.5,76.5
2026-09-15,2027-04-28,4.395,4.45,5.5,82.0
2026-09-15,2027-06-09,4.45,4.5286,7.9,89.9
2026-09-15,2027-07-28,4.5286,4.56,3.1,93.0
2026-09-15,2027-09-15,4.56,4.58,2.0,95.0
2026-09-15,2027-10-27,4.58,4.58,0.0,95.0
2026-09-15,2027-12-08,4.58,4.5598,-2.0,93.0
