date,contract,price
2025-10-06,2026-10,96.9200
2025-10-06,2026-11,96.9500
2025-10-06,2026-12,96.9750
2025-10-06,2027-01,96.9900
2025-10-06,2027-02,97.0050
2025-10-06,2027-03,97.0150
2025-10-06,2027-04,97.0150
2025-10-06,2027-05,96.9900
2025-10-06,2027-06,96.9700
2025-10-06,2027-07,96.9500
2025-10-06,2027-08,96.8700
2025-10-06,2027-09,96.8700
2025-10-06,2027-10,96.8650
2025-10-06,2027-11,96.8450
2025-10-06,2027-12,96.8250
2025-10-06,2028-01,96.8100
2025-10-06,2028-02,96.7950
2025-10-07,2026-10,96.9350
2025-10-07,2026-11,96.9650
2025-10-07,2026-12,96.9900
2025-10-07,2027-01,97.0050
2025-10-07,2027-02,97.0150
2025-10-07,2027-03,97.0250
2025-10-07,2027-04,97.0200
2025-10-07,2027-05,96.9950
2025-10-07,2027-06,96.9750
2025-10-07,2027-07,96.9750
2025-10-07,2027-08,96.9350
2025-10-07,2027-09,96.9350
2025-10-07,2027-10,96.9300
2025-10-07,2027-11,96.9100
2025-10-07,2027-12,96.8900
2025-10-07,2028-01,96.8750
2025-10-07,2028-02,96.8600
2025-10-08,2026-10,96.9150
2025-10-08,2026-11,96.9450
2025-10-08,2026-12,96.9700
2025-10-08,2027-01,96.9900
2025-10-08,2027-02,97.0000
2025-10-08,2027-03,97.0100
2025-10-08,2027-04,97.0050
2025-10-08,2027-05,96.9800
2025-10-08,2027-06,96.9600
2025-10-08,2027-07,96.9600
2025-10-08,2027-08,96.9200
2025-10-08,2027-09,96.9200
2025-10-08,2027-10,96.9150
2025-10-08,2027-11,96.8950
2025-10-08,2027-12,96.8750
2025-10-08,2028-01,96.8600
2025-10-08,2028-02,96.8450
2025-10-09,2026-10,96.9050
2025-10-09,2026-11,96.9350
2025-10-09,2026-12,96.9600
2025-10-09,2027-01,96.9800
2025-10-09,2027-02,96.9900
2025-10-09,2027-03,97.0000
2025-10-09,2027-04,96.9950
2025-10-09,2027-05,96.9700
2025-10-09,2027-06,96.9500
2025-10-09,2027-07,96.9500
2025-10-09,2027-08,96.9100
2025-10-09,2027-09,96.9100
2025-10-09,2027-10,96.9050
2025-10-09,2027-11,96.8850
2025-10-09,2027-12,96.8650
2025-10-09,2028-01,96.8500
2025-10-09,2028-02,96.8350
2025-10-10,2026-10,97.0000
2025-10-10,2026-11,97.0350
2025-10-10,2026-12,97.0600
2025-10-10,2027-01,97.0750
2025-10-10,2027-02,97.0850
2025-10-10,2027-03,97.0950
2025-10-10,2027-04,97.0900
2025-10-10,2027-05,97.0650
2025-10-10,2027-06,97.0450
2025-10-10,2027-07,97.0450
2025-10-10,2027-08,97.0050
2025-10-10,2027-09,97.0050
2025-10-10,2027-10,97.0000
2025-10-10,2027-11,96.9800
2025-10-10,2027-12,96.9600
2025-10-10,2028-01,96.9450
2025-10-10,2028-02,96.9300
2025-10-13,2026-10,97.0300
2025-10-13,2026-11,97.0650
2025-10-13,2026-12,97.0900
2025-10-13,2027-01,97.1050
2025-10-13,2027-02,97.1150
2025-10-13,2027-03,97.1250
2025-10-13,2027-04,97.1200
2025-10-13,2027-05,97.0950
2025-10-13,2027-06,97.0750
2025-10-13,2027-07,97.0750
2025-10-13,2027-08,97.0350
2025-10-13,2027-09,97.0350
2025-10-13,2027-10,97.0300
2025-10-13,2027-11,97.0100
2025-10-13,2027-12,96.9900
2025-10-13,2028-01,96.9750
2025-10-13,2028-02,96.9600
2025-10-14,2026-10,97.0400
2025-10-14,2026-11,97.0750
2025-10-14,2026-12,97.1000
2025-10-14,2027-01,97.1150
2025-10-14,2027-02,97.1250
2025-10-14,2027-03,97.1350
2025-10-14,2027-04,97.1300
2025-10-14,2027-05,97.1050
2025-10-14,2027-06,97.0850
2025-10-14,2027-07,97.0850
2025-10-14,2027-08,97.0450
2025-10-14,2027-09,97.0450
2025-10-14,2027-10,97.0400
2025-10-14,2027-11,97.0200
2025-10-14,2027-12,97.0000
2025-10-14,2028-01,96.9850
2025-10-14,2028-02,96.9700
2025-10-15,2026-10,97.0200
2025-10-15,2026-11,97.0500
2025-10-15,2026-12,97.0750
2025-10-15,2027-01,97.0900
2025-10-15,2027-02,97.1000
2025-10-15,2027-03,97.1100
2025-10-15,2027-04,97.1050
2025-10-15,2027-05,97.0800
2025-10-15,2027-06,97.0600
2025-10-15,2027-07,97.0600
2025-10-15,2027-08,97.0200
2025-10-15,2027-09,97.0200
2025-10-15,2027-10,97.0150
2025-10-15,2027-11,96.9950
2025-10-15,2027-12,96.9750
2025-10-15,2028-01,96.9600
2025-10-15,2028-02,96.9450
2025-10-16,2026-10,97.1100
2025-10-16,2026-11,97.1400
2025-10-16,2026-12,97.1650
2025-10-16,2027-01,97.1800
2025-10-16,2027-02,97.1900
2025-10-16,2027-03,97.2000
2025-10-16,2027-04,97.1950
2025-10-16,2027-05,97.1700
2025-10-16,2027-06,97.1500
2025-10-16,2027-07,97.1550
2025-10-16,2027-08,97.1150
2025-10-16,2027-09,97.1150
2025-10-16,2027-10,97.1100
2025-10-16,2027-11,97.0900
2025-10-16,2027-12,97.0700
2025-10-16,2028-01,97.0550
2025-10-16,2028-02,97.0400
2025-10-17,2026-10,97.0600
2025-10-17,2026-11,97.0900
2025-10-17,2026-12,97.1150
2025-10-17,2027-01,97.1300
2025-10-17,2027-02,97.1400
2025-10-17,2027-03,97.1500
2025-10-17,2027-04,97.1450
2025-10-17,2027-05,97.1200
2025-10-17,2027-06,97.1000
2025-10-17,2027-07,97.1050
2025-10-17,2027-08,97.0650
2025-10-17,2027-09,97.0650
2025-10-17,2027-10,97.0600
2025-10-17,2027-11,97.0400
2025-10-17,2027-12,97.0200
2025-10-17,2028-01,97.0050
2025-10-17,2028-02,96.9900
2025-10-20,2026-10,97.0550
2025-10-20,2026-11,97.0850
2025-10-20,2026-12,97.1100
2025-10-20,2027-01,97.1250
2025-10-20,2027-02,97.1350
2025-10-20,2027-03,97.1450
2025-10-20,2027-04,97.1400
2025-10-20,2027-05,97.1150
2025-10-20,2027-06,97.0950
2025-10-20,2027-07,97.1000
2025-10-20,2027-08,97.0600
2025-10-20,2027-09,97.0600
2025-10-20,2027-10,97.0550
2025-10-20,2027-11,97.0350
2025-10-20,2027-12,97.0150
2025-10-20,2028-01,97.0000
2025-10-20,2028-02,96.9850
2025-10-21,2026-10,97.0650
2025-10-21,2026-11,97.1000
2025-10-21,2026-12,97.1250
2025-10-21,2027-01,97.1400
2025-10-21,2027-02,97.1500
2025-10-21,2027-03,97.1600
2025-10-21,2027-04,97.1550
2025-10-21,2027-05,97.1300
2025-10-21,2027-06,97.1100
2025-10-21,2027-07,97.1150
2025-10-21,2027-08,97.0750
2025-10-21,2027-09,97.0750
2025-10-21,2027-10,97.0700
2025-10-21,2027-11,97.0500
2025-10-21,2027-12,97.0300
2025-10-21,2028-01,97.0150
2025-10-21,2028-02,97.0000
2025-10-22,2026-10,97.0750
2025-10-22,2026-11,97.1100
2025-10-22,2026-12,97.1350
2025-10-22,2027-01,97.1500
2025-10-22,2027-02,97.1600
2025-10-22,2027-03,97.1700
2025-10-22,2027-04,97.1650
2025-10-22,2027-05,97.1400
2025-10-22,2027-06,97.1200
2025-10-22,2027-07,97.1250
2025-10-22,2027-08,97.0850
2025-10-22,2027-09,97.0850
2025-10-22,2027-10,97.0800
2025-10-22,2027-11,97.0600
2025-10-22,2027-12,97.0400
2025-10-22,2028-01,97.0250
2025-10-22,2028-02,97.0100
2025-10-23,2026-10,97.0150
2025-10-23,2026-11,97.0500
2025-10-23,2026-12,97.0750
2025-10-23,2027-01,97.0900
2025-10-23,2027-02,97.1000
2025-10-23,2027-03,97.1100
2025-10-23,2027-04,97.1050
2025-10-23,2027-05,97.0800
2025-10-23,2027-06,97.0600
2025-10-23,2027-07,97.0650
2025-10-23,2027-08,97.0250
2025-10-23,2027-09,97.0250
2025-10-23,2027-10,97.0200
2025-10-23,2027-11,97.0000
2025-10-23,2027-12,96.9800
2025-10-23,2028-01,96.9650
2025-10-23,2028-02,96.9500
2025-10-24,2026-10,97.0100
2025-10-24,2026-11,97.0450
2025-10-24,2026-12,97.0700
2025-10-24,2027-01,97.0850
2025-10-24,2027-02,97.0950
2025-10-24,2027-03,97.1050
2025-10-24,2027-04,97.1000
2025-10-24,2027-05,97.0750
2025-10-24,2027-06,97.0550
2025-10-24,2027-07,97.0600
2025-10-24,2027-08,97.0200
2025-10-24,2027-09,97.0200
2025-10-24,2027-10,97.0150
2025-10-24,2027-11,96.9950
2025-10-24,2027-12,96.9750
2025-10-24,2028-01,96.9600
2025-10-24,2028-02,96.9450
2025-10-27,2026-10,96.9850
2025-10-27,2026-11,97.0200
2025-10-27,2026-12,97.0400
2025-10-27,2027-01,97.0550
2025-10-27,2027-02,97.0650
2025-10-27,2027-03,97.0700
2025-10-27,2027-04,97.0650
2025-10-27,2027-05,97.0400
2025-10-27,2027-06,97.0200
2025-10-27,2027-07,97.0250
2025-10-27,2027-08,96.9850
2025-10-27,2027-09,96.9850
2025-10-27,2027-10,96.9800
2025-10-27,2027-11,96.9600
2025-10-27,2027-12,96.9400
2025-10-27,2028-01,96.9250
2025-10-27,2028-02,96.9100
2025-10-28,2026-10,96.9800
2025-10-28,2026-11,97.0150
2025-10-28,2026-12,97.0350
2025-10-28,2027-01,97.0550
2025-10-28,2027-02,97.0650
2025-10-28,2027-03,97.0700
2025-10-28,2027-04,97.0650
2025-10-28,2027-05,97.0400
2025-10-28,2027-06,97.0200
2025-10-28,2027-07,97.0250
2025-10-28,2027-08,96.9850
2025-10-28,2027-09,96.9850
2025-10-28,2027-10,96.9800
2025-10-28,2027-11,96.9600
2025-10-28,2027-12,96.9400
2025-10-28,2028-01,96.9250
2025-10-28,2028-02,96.9100
2025-10-29,2026-10,96.8850
2025-10-29,2026-11,96.9250
2025-10-29,2026-12,96.9500
2025-10-29,2027-01,96.9700
2025-10-29,2027-02,96.9850
2025-10-29,2027-03,96.9900
2025-10-29,2027-04,96.9850
2025-10-29,2027-05,96.9600
2025-10-29,2027-06,96.9400
2025-10-29,2027-07,96.9500
2025-10-29,2027-08,96.9100
2025-10-29,2027-09,96.9100
2025-10-29,2027-10,96.9050
2025-10-29,2027-11,96.8850
2025-10-29,2027-12,96.8650
2025-10-29,2028-01,96.8500
2025-10-29,2028-02,96.8350
2025-10-30,2026-10,96.8500
2025-10-30,2026-11,96.8900
2025-10-30,2026-12,96.9200
2025-10-30,2027-01,96.9400
2025-10-30,2027-02,96.9550
2025-10-30,2027-03,96.9600
2025-10-30,2027-04,96.9550
2025-10-30,2027-05,96.9350
2025-10-30,2027-06,96.9150
2025-10-30,2027-07,96.9250
2025-10-30,2027-08,96.8900
2025-10-30,2027-09,96.8900
2025-10-30,2027-10,96.8850
2025-10-30,2027-11,96.8650
2025-10-30,2027-12,96.8450
2025-10-30,2028-01,96.8300
2025-10-30,2028-02,96.8150
2025-10-31,2026-10,96.8400
2025-10-31,2026-11,96.8850
2025-10-31,2026-12,96.9150
2025-10-31,2027-01,96.9350
2025-10-31,2027-02,96.9500
2025-10-31,2027-03,96.9550
2025-10-31,2027-04,96.9500
2025-10-31,2027-05,96.9300
2025-10-31,2027-06,96.9100
2025-10-31,2027-07,96.9200
2025-10-31,2027-08,96.8850
2025-10-31,2027-09,96.8850
2025-10-31,2027-10,96.8800
2025-10-31,2027-11,96.8600
2025-10-31,2027-12,96.8400
2025-10-31,2028-01,96.8250
2025-10-31,2028-02,96.8100
2025-11-03,2026-10,96.8450
2025-11-03,2026-11,96.8900
2025-11-03,2026-12,96.9200
2025-11-03,2027-01,96.9350
2025-11-03,2027-02,96.9500
2025-11-03,2027-03,96.9550
2025-11-03,2027-04,96.9500
2025-11-03,2027-05,96.9400
2025-11-03,2027-06,96.9200
2025-11-03,2027-07,96.9300
2025-11-03,2027-08,96.8950
2025-11-03,2027-09,96.8950
2025-11-03,2027-10,96.8900
2025-11-03,2027-11,96.8700
2025-11-03,2027-12,96.8500
2025-11-03,2028-01,96.8350
2025-11-03,2028-02,96.8200
2025-11-04,2026-10,96.8600
2025-11-04,2026-11,96.9050
2025-11-04,2026-12,96.9350
2025-11-04,2027-01,96.9500
2025-11-04,2027-02,96.9650
2025-11-04,2027-03,96.9700
2025-11-04,2027-04,96.9700
2025-11-04,2027-05,96.9600
2025-11-04,2027-06,96.9400
2025-11-04,2027-07,96.9500
2025-11-04,2027-08,96.9150
2025-11-04,2027-09,96.9150
2025-11-04,2027-10,96.9100
2025-11-04,2027-11,96.8900
2025-11-04,2027-12,96.8700
2025-11-04,2028-01,96.8550
2025-11-04,2028-02,96.8400
2025-11-05,2026-10,96.8050
2025-11-05,2026-11,96.8450
2025-11-05,2026-12,96.8750
2025-11-05,2027-01,96.8900
2025-11-05,2027-02,96.9050
2025-11-05,2027-03,96.9100
2025-11-05,2027-04,96.9100
2025-11-05,2027-05,96.9000
2025-11-05,2027-06,96.8800
2025-11-05,2027-07,96.8900
2025-11-05,2027-08,96.8550
2025-11-05,2027-09,96.8550
2025-11-05,2027-10,96.8500
2025-11-05,2027-11,96.8300
2025-11-05,2027-12,96.8100
2025-11-05,2028-01,96.7950
2025-11-05,2028-02,96.7800
2025-11-06,2026-10,96.8750
2025-11-06,2026-11,96.9150
2025-11-06,2026-12,96.9450
2025-11-06,2027-01,96.9600
2025-11-06,2027-02,96.9750
2025-11-06,2027-03,96.9800
2025-11-06,2027-04,96.9800
2025-11-06,2027-05,96.9700
2025-11-06,2027-06,96.9500
2025-11-06,2027-07,96.9600
2025-11-06,2027-08,96.9250
2025-11-06,2027-09,96.9250
2025-11-06,2027-10,96.9200
2025-11-06,2027-11,96.9000
2025-11-06,2027-12,96.8800
2025-11-06,2028-01,96.8650
2025-11-06,2028-02,96.8500
2025-11-07,2026-10,96.8850
2025-11-07,2026-11,96.9250
2025-11-07,2026-12,96.9550
2025-11-07,2027-01,96.9700
2025-11-07,2027-02,96.9850
2025-11-07,2027-03,96.9900
2025-11-07,2027-04,96.9900
2025-11-07,2027-05,96.9800
2025-11-07,2027-06,96.9600
2025-11-07,2027-07,96.9700
2025-11-07,2027-08,96.9350
2025-11-07,2027-09,96.9350
2025-11-07,2027-10,96.9300
2025-11-07,2027-11,96.9100
2025-11-07,2027-12,96.8900
2025-11-07,2028-01,96.8750
2025-11-07,2028-02,96.8600
2025-11-10,2026-10,96.8500
2025-11-10,2026-11,96.8900
2025-11-10,2026-12,96.9200
2025-11-10,2027-01,96.9350
2025-11-10,2027-02,96.9500
2025-11-10,2027-03,96.9550
2025-11-10,2027-04,96.9650
2025-11-10,2027-05,96.9550
2025-11-10,2027-06,96.9350
2025-11-10,2027-07,96.9450
2025-11-10,2027-08,96.9100
2025-11-10,2027-09,96.9100
2025-11-10,2027-10,96.9050
2025-11-10,2027-11,96.8850
2025-11-10,2027-12,96.8650
2025-11-10,2028-01,96.8500
2025-11-10,2028-02,96.8350
2025-11-11,2026-10,96.8950
2025-11-11,2026-11,96.9350
2025-11-11,2026-12,96.9650
2025-11-11,2027-01,96.9800
2025-11-11,2027-02,96.9950
2025-11-11,2027-03,96.9950
2025-11-11,2027-04,97.0050
2025-11-11,2027-05,96.9950
2025-11-11,2027-06,96.9750
2025-11-11,2027-07,96.9850
2025-11-11,2027-08,96.9500
2025-11-11,2027-09,96.9500
2025-11-11,2027-10,96.9450
2025-11-11,2027-11,96.9250
2025-11-11,2027-12,96.9050
2025-11-11,2028-01,96.8900
2025-11-11,2028-02,96.8750
2025-11-12,2026-10,96.8800
2025-11-12,2026-11,96.9200
2025-11-12,2026-12,96.9500
2025-11-12,2027-01,96.9650
2025-11-12,2027-02,96.9800
2025-11-12,2027-03,96.9800
2025-11-12,2027-04,96.9900
2025-11-12,2027-05,96.9800
2025-11-12,2027-06,96.9600
2025-11-12,2027-07,96.9700
2025-11-12,2027-08,96.9350
2025-11-12,2027-09,96.9350
2025-11-12,2027-10,96.9300
2025-11-12,2027-11,96.9100
2025-11-12,2027-12,96.8900
2025-11-12,2028-01,96.8750
2025-11-12,2028-02,96.8600
2025-11-13,2026-10,96.8500
2025-11-13,2026-11,96.8900
2025-11-13,2026-12,96.9200
2025-11-13,2027-01,96.9350
2025-11-13,2027-02,96.9500
2025-11-13,2027-03,96.9550
2025-11-13,2027-04,96.9650
2025-11-13,2027-05,96.9550
2025-11-13,2027-06,96.9350
2025-11-13,2027-07,96.9450
2025-11-13,2027-08,96.9100
2025-11-13,2027-09,96.9100
2025-11-13,2027-10,96.9050
2025-11-13,2027-11,96.8850
2025-11-13,2027-12,96.8650
2025-11-13,2028-01,96.8500
2025-11-13,2028-02,96.8350
2025-11-14,2026-10,96.8300
2025-11-14,2026-11,96.8700
2025-11-14,2026-12,96.9000
2025-11-14,2027-01,96.9200
2025-11-14,2027-02,96.9350
2025-11-14,2027-03,96.9400
2025-11-14,2027-04,96.9500
2025-11-14,2027-05,96.9400
2025-11-14,2027-06,96.9200
2025-11-14,2027-07,96.9300
2025-11-14,2027-08,96.8950
2025-11-14,2027-09,96.8950
2025-11-14,2027-10,96.8900
2025-11-14,2027-11,96.8700
2025-11-14,2027-12,96.8500
2025-11-14,2028-01,96.8350
2025-11-14,2028-02,96.8200
2025-11-17,2026-10,96.8350
2025-11-17,2026-11,96.8750
2025-11-17,2026-12,96.9100
2025-11-17,2027-01,96.9300
2025-11-17,2027-02,96.9450
2025-11-17,2027-03,96.9500
2025-11-17,2027-04,96.9600
2025-11-17,2027-05,96.9500
2025-11-17,2027-06,96.9300
2025-11-17,2027-07,96.9400
2025-11-17,2027-08,96.9050
2025-11-17,2027-09,96.9050
2025-11-17,2027-10,96.9000
2025-11-17,2027-11,96.8800
2025-11-17,2027-12,96.8600
2025-11-17,2028-01,96.8450
2025-11-17,2028-02,96.8300
2025-11-18,2026-10,96.8700
2025-11-18,2026-11,96.9100
2025-11-18,2026-12,96.9450
2025-11-18,2027-01,96.9650
2025-11-18,2027-02,96.9800
2025-11-18,2027-03,96.9850
2025-11-18,2027-04,96.9950
2025-11-18,2027-05,96.9850
2025-11-18,2027-06,96.9650
2025-11-18,2027-07,96.9750
2025-11-18,2027-08,96.9400
2025-11-18,2027-09,96.9400
2025-11-18,2027-10,96.9350
2025-11-18,2027-11,96.9150
2025-11-18,2027-12,96.8950
2025-11-18,2028-01,96.8800
2025-11-18,2028-02,96.8650
2025-11-19,2026-10,96.8500
2025-11-19,2026-11,96.8950
2025-11-19,2026-12,96.9300
2025-11-19,2027-01,96.9500
2025-11-19,2027-02,96.9650
2025-11-19,2027-03,96.9700
2025-11-19,2027-04,96.9800
2025-11-19,2027-05,96.9700
2025-11-19,2027-06,96.9500
2025-11-19,2027-07,96.9600
2025-11-19,2027-08,96.9250
2025-11-19,2027-09,96.9250
2025-11-19,2027-10,96.9200
2025-11-19,2027-11,96.9000
2025-11-19,2027-12,96.8800
2025-11-19,2028-01,96.8650
2025-11-19,2028-02,96.8500
2025-11-20,2026-10,96.9000
2025-11-20,2026-11,96.9500
2025-11-20,2026-12,96.9900
2025-11-20,2027-01,97.0100
2025-11-20,2027-02,97.0250
2025-11-20,2027-03,97.0300
2025-11-20,2027-04,97.0400
2025-11-20,2027-05,97.0300
2025-11-20,2027-06,97.0100
2025-11-20,2027-07,97.0200
2025-11-20,2027-08,96.9850
2025-11-20,2027-09,96.9850
2025-11-20,2027-10,96.9800
2025-11-20,2027-11,96.9600
2025-11-20,2027-12,96.9400
2025-11-20,2028-01,96.9250
2025-11-20,2028-02,96.9100
2025-11-21,2026-10,96.9300
2025-11-21,2026-11,96.9850
2025-11-21,2026-12,97.0250
2025-11-21,2027-01,97.0450
2025-11-21,2027-02,97.0600
2025-11-21,2027-03,97.0650
2025-11-21,2027-04,97.0750
2025-11-21,2027-05,97.0650
2025-11-21,2027-06,97.0450
2025-11-21,2027-07,97.0550
2025-11-21,2027-08,97.0200
2025-11-21,2027-09,97.0200
2025-11-21,2027-10,97.0150
2025-11-21,2027-11,96.9950
2025-11-21,2027-12,96.9750
2025-11-21,2028-01,96.9600
2025-11-21,2028-02,96.9450
2025-11-24,2026-10,96.9350
2025-11-24,2026-11,96.9850
2025-11-24,2026-12,97.0250
2025-11-24,2027-01,97.0450
2025-11-24,2027-02,97.0600
2025-11-24,2027-03,97.0650
2025-11-24,2027-04,97.0800
2025-11-24,2027-05,97.0700
2025-11-24,2027-06,97.0500
2025-11-24,2027-07,97.0300
2025-11-24,2027-08,97.0000
2025-11-24,2027-09,97.0000
2025-11-24,2027-10,96.9950
2025-11-24,2027-11,96.9750
2025-11-24,2027-12,96.9550
2025-11-24,2028-01,96.9400
2025-11-24,2028-02,96.9250
2025-11-25,2026-10,96.9500
2025-11-25,2026-11,97.0050
2025-11-25,2026-12,97.0450
2025-11-25,2027-01,97.0650
2025-11-25,2027-02,97.0800
2025-11-25,2027-03,97.0850
2025-11-25,2027-04,97.1000
2025-11-25,2027-05,97.0900
2025-11-25,2027-06,97.0700
2025-11-25,2027-07,97.0500
2025-11-25,2027-08,97.0200
2025-11-25,2027-09,97.0200
2025-11-25,2027-10,97.0150
2025-11-25,2027-11,96.9950
2025-11-25,2027-12,96.9750
2025-11-25,2028-01,96.9600
2025-11-25,2028-02,96.9450
2025-11-26,2026-10,96.9250
2025-11-26,2026-11,96.9800
2025-11-26,2026-12,97.0200
2025-11-26,2027-01,97.0400
2025-11-26,2027-02,97.0550
2025-11-26,2027-03,97.0600
2025-11-26,2027-04,97.0800
2025-11-26,2027-05,97.0700
2025-11-26,2027-06,97.0500
2025-11-26,2027-07,97.0300
2025-11-26,2027-08,97.0000
2025-11-26,2027-09,97.0000
2025-11-26,2027-10,96.9950
2025-11-26,2027-11,96.9750
2025-11-26,2027-12,96.9550
2025-11-26,2028-01,96.9400
2025-11-26,2028-02,96.9250
2025-11-28,2026-10,96.9100
2025-11-28,2026-11,96.9600
2025-11-28,2026-12,97.0000
2025-11-28,2027-01,97.0200
2025-11-28,2027-02,97.0350
2025-11-28,2027-03,97.0400
2025-11-28,2027-04,97.0600
2025-11-28,2027-05,97.0500
2025-11-28,2027-06,97.0300
2025-11-28,2027-07,97.0100
2025-11-28,2027-08,97.0100
2025-11-28,2027-09,97.0100
2025-11-28,2027-10,97.0050
2025-11-28,2027-11,96.9850
2025-11-28,2027-12,96.9650
2025-11-28,2028-01,96.9500
2025-11-28,2028-02,96.9350
2025-12-01,2026-10,96.8700
2025-12-01,2026-11,96.9150
2025-12-01,2026-12,96.9550
2025-12-01,2027-01,96.9750
2025-12-01,2027-02,96.9900
2025-12-01,2027-03,96.9950
2025-12-01,2027-04,97.0150
2025-12-01,2027-05,97.0050
2025-12-01,2027-06,96.9850
2025-12-01,2027-07,96.9650
2025-12-01,2027-08,96.9650
2025-12-01,2027-09,96.9650
2025-12-01,2027-10,96.9600
2025-12-01,2027-11,96.9400
2025-12-01,2027-12,96.9200
2025-12-01,2028-01,96.9050
2025-12-01,2028-02,96.8900
2025-12-02,2026-10,96.8950
2025-12-02,2026-11,96.9400
2025-12-02,2026-12,96.9800
2025-12-02,2027-01,96.9950
2025-12-02,2027-02,97.0100
2025-12-02,2027-03,97.0150
2025-12-02,2027-04,97.0300
2025-12-02,2027-05,97.0200
2025-12-02,2027-06,97.0000
2025-12-02,2027-07,96.9800
2025-12-02,2027-08,96.9800
2025-12-02,2027-09,96.9800
2025-12-02,2027-10,96.9750
2025-12-02,2027-11,96.9550
2025-12-02,2027-12,96.9350
2025-12-02,2028-01,96.9200
2025-12-02,2028-02,96.9050
2025-12-03,2026-10,96.9200
2025-12-03,2026-11,96.9650
2025-12-03,2026-12,97.0050
2025-12-03,2027-01,97.0200
2025-12-03,2027-02,97.0350
2025-12-03,2027-03,97.0400
2025-12-03,2027-04,97.0550
2025-12-03,2027-05,97.0450
2025-12-03,2027-06,97.0250
2025-12-03,2027-07,97.0050
2025-12-03,2027-08,97.0050
2025-12-03,2027-09,97.0050
2025-12-03,2027-10,97.0000
2025-12-03,2027-11,96.9800
2025-12-03,2027-12,96.9600
2025-12-03,2028-01,96.9450
2025-12-03,2028-02,96.9300
2025-12-04,2026-10,96.8700
2025-12-04,2026-11,96.9100
2025-12-04,2026-12,96.9450
2025-12-04,2027-01,96.9600
2025-12-04,2027-02,96.9750
2025-12-04,2027-03,96.9800
2025-12-04,2027-04,96.9950
2025-12-04,2027-05,96.9900
2025-12-04,2027-06,97.0000
2025-12-04,2027-07,96.9900
2025-12-04,2027-08,96.9900
2025-12-04,2027-09,96.9900
2025-12-04,2027-10,96.9850
2025-12-04,2027-11,96.9650
2025-12-04,2027-12,96.9450
2025-12-04,2028-01,96.9300
2025-12-04,2028-02,96.9150
2025-12-05,2026-10,96.8350
2025-12-05,2026-11,96.8750
2025-12-05,2026-12,96.9100
2025-12-05,2027-01,96.9250
2025-12-05,2027-02,96.9350
2025-12-05,2027-03,96.9400
2025-12-05,2027-04,96.9550
2025-12-05,2027-05,96.9450
2025-12-05,2027-06,96.9550
2025-12-05,2027-07,96.9450
2025-12-05,2027-08,96.9450
2025-12-05,2027-09,96.9450
2025-12-05,2027-10,96.9400
2025-12-05,2027-11,96.9200
2025-12-05,2027-12,96.9000
2025-12-05,2028-01,96.8850
2025-12-05,2028-02,96.8700
2025-12-08,2026-10,96.8100
2025-12-08,2026-11,96.8450
2025-12-08,2026-12,96.8750
2025-12-08,2027-01,96.8900
2025-12-08,2027-02,96.8950
2025-12-08,2027-03,96.9000
2025-12-08,2027-04,96.9150
2025-12-08,2027-05,96.9050
2025-12-08,2027-06,96.9150
2025-12-08,2027-07,96.9050
2025-12-08,2027-08,96.9050
2025-12-08,2027-09,96.9050
2025-12-08,2027-10,96.9000
2025-12-08,2027-11,96.8800
2025-12-08,2027-12,96.8600
2025-12-08,2028-01,96.8450
2025-12-08,2028-02,96.8300
2025-12-09,2026-10,96.7750
2025-12-09,2026-11,96.8100
2025-12-09,2026-12,96.8400
2025-12-09,2027-01,96.8500
2025-12-09,2027-02,96.8550
2025-12-09,2027-03,96.8600
2025-12-09,2027-04,96.8650
2025-12-09,2027-05,96.8550
2025-12-09,2027-06,96.8650
2025-12-09,2027-07,96.8550
2025-12-09,2027-08,96.8550
2025-12-09,2027-09,96.8550
2025-12-09,2027-10,96.8500
2025-12-09,2027-11,96.8300
2025-12-09,2027-12,96.8100
2025-12-09,2028-01,96.7950
2025-12-09,2028-02,96.7800
2025-12-10,2026-10,96.8150
2025-12-10,2026-11,96.8450
2025-12-10,2026-12,96.8750
2025-12-10,2027-01,96.8850
2025-12-10,2027-02,96.8800
2025-12-10,2027-03,96.8800
2025-12-10,2027-04,96.8850
2025-12-10,2027-05,96.8750
2025-12-10,2027-06,96.8850
2025-12-10,2027-07,96.8750
2025-12-10,2027-08,96.8700
2025-12-10,2027-09,96.8700
2025-12-10,2027-10,96.8650
2025-12-10,2027-11,96.8450
2025-12-10,2027-12,96.8250
2025-12-10,2028-01,96.8100
2025-12-10,2028-02,96.7950
2025-12-11,2026-10,96.8400
2025-12-11,2026-11,96.8700
2025-12-11,2026-12,96.9000
2025-12-11,2027-01,96.9100
2025-12-11,2027-02,96.9050
2025-12-11,2027-03,96.9100
2025-12-11,2027-04,96.9150
2025-12-11,2027-05,96.9050
2025-12-11,2027-06,96.9150
2025-12-11,2027-07,96.9050
2025-12-11,2027-08,96.9000
2025-12-11,2027-09,96.9000
2025-12-11,2027-10,96.8950
2025-12-11,2027-11,96.8750
2025-12-11,2027-12,96.8550
2025-12-11,2028-01,96.8400
2025-12-11,2028-02,96.8250
2025-12-12,2026-10,96.8400
2025-12-12,2026-11,96.8700
2025-12-12,2026-12,96.8950
2025-12-12,2027-01,96.9050
2025-12-12,2027-02,96.9000
2025-12-12,2027-03,96.9050
2025-12-12,2027-04,96.9050
2025-12-12,2027-05,96.8950
2025-12-12,2027-06,96.9050
2025-12-12,2027-07,96.8950
2025-12-12,2027-08,96.8900
2025-12-12,2027-09,96.8900
2025-12-12,2027-10,96.8850
2025-12-12,2027-11,96.8650
2025-12-12,2027-12,96.8450
2025-12-12,2028-01,96.8300
2025-12-12,2028-02,96.8150
2025-12-15,2026-10,96.8650
2025-12-15,2026-11,96.8950
2025-12-15,2026-12,96.9200
2025-12-15,2027-01,96.9300
2025-12-15,2027-02,96.9250
2025-12-15,2027-03,96.9300
2025-12-15,2027-04,96.9300
2025-12-15,2027-05,96.9200
2025-12-15,2027-06,96.9300
2025-12-15,2027-07,96.9200
2025-12-15,2027-08,96.9150
2025-12-15,2027-09,96.9150
2025-12-15,2027-10,96.9100
2025-12-15,2027-11,96.8900
2025-12-15,2027-12,96.8700
2025-12-15,2028-01,96.8550
2025-12-15,2028-02,96.8400
2025-12-16,2026-10,96.8800
2025-12-16,2026-11,96.9150
2025-12-16,2026-12,96.9450
2025-12-16,2027-01,96.9550
2025-12-16,2027-02,96.9500
2025-12-16,2027-03,96.9550
2025-12-16,2027-04,96.9600
2025-12-16,2027-05,96.9500
2025-12-16,2027-06,96.9600
2025-12-16,2027-07,96.9500
2025-12-16,2027-08,96.9450
2025-12-16,2027-09,96.9450
2025-12-16,2027-10,96.9400
2025-12-16,2027-11,96.9200
2025-12-16,2027-12,96.9000
2025-12-16,2028-01,96.8850
2025-12-16,2028-02,96.8700
2025-12-17,2026-10,96.8800
2025-12-17,2026-11,96.9150
2025-12-17,2026-12,96.9450
2025-12-17,2027-01,96.9550
2025-12-17,2027-02,96.9500
2025-12-17,2027-03,96.9550
2025-12-17,2027-04,96.9600
2025-12-17,2027-05,96.9500
2025-12-17,2027-06,96.9600
2025-12-17,2027-07,96.9500
2025-12-17,2027-08,96.9450
2025-12-17,2027-09,96.9450
2025-12-17,2027-10,96.9400
2025-12-17,2027-11,96.9200
2025-12-17,2027-12,96.9000
2025-12-17,2028-01,96.8850
2025-12-17,2028-02,96.8700
2025-12-18,2026-10,96.9000
2025-12-18,2026-11,96.9350
2025-12-18,2026-12,96.9650
2025-12-18,2027-01,96.9750
2025-12-18,2027-02,96.9700
2025-12-18,2027-03,96.9750
2025-12-18,2027-04,96.9800
2025-12-18,2027-05,96.9700
2025-12-18,2027-06,96.9800
2025-12-18,2027-07,96.9700
2025-12-18,2027-08,96.9650
2025-12-18,2027-09,96.9650
2025-12-18,2027-10,96.9600
2025-12-18,2027-11,96.9400
2025-12-18,2027-12,96.9200
2025-12-18,2028-01,96.9050
2025-12-18,2028-02,96.8900
2025-12-19,2026-10,96.8800
2025-12-19,2026-11,96.9150
2025-12-19,2026-12,96.9450
2025-12-19,2027-01,96.9550
2025-12-19,2027-02,96.9550
2025-12-19,2027-03,96.9600
2025-12-19,2027-04,96.9600
2025-12-19,2027-05,96.9500
2025-12-19,2027-06,96.9600
2025-12-19,2027-07,96.9500
2025-12-19,2027-08,96.9400
2025-12-19,2027-09,96.9400
2025-12-19,2027-10,96.9350
2025-12-19,2027-11,96.9150
2025-12-19,2027-12,96.8950
2025-12-19,2028-01,96.9050
2025-12-19,2028-02,96.8900
2025-12-22,2026-10,96.8600
2025-12-22,2026-11,96.8950
2025-12-22,2026-12,96.9250
2025-12-22,2027-01,96.9350
2025-12-22,2027-02,96.9350
2025-12-22,2027-03,96.9400
2025-12-22,2027-04,96.9400
2025-12-22,2027-05,96.9300
2025-12-22,2027-06,96.9350
2025-12-22,2027-07,96.9250
2025-12-22,2027-08,96.9150
2025-12-22,2027-09,96.9150
2025-12-22,2027-10,96.9100
2025-12-22,2027-11,96.8900
2025-12-22,2027-12,96.8700
2025-12-22,2028-01,96.9050
2025-12-22,2028-02,96.8900
2025-12-23,2026-10,96.8300
2025-12-23,2026-11,96.8650
2025-12-23,2026-12,96.8900
2025-12-23,2027-01,96.9000
2025-12-23,2027-02,96.8950
2025-12-23,2027-03,96.9000
2025-12-23,2027-04,96.9000
2025-12-23,2027-05,96.8900
2025-12-23,2027-06,96.8850
2025-12-23,2027-07,96.8750
2025-12-23,2027-08,96.8650
2025-12-23,2027-09,96.8650
2025-12-23,2027-10,96.8600
2025-12-23,2027-11,96.8400
2025-12-23,2027-12,96.8250
2025-12-23,2028-01,96.9050
2025-12-23,2028-02,96.8900
2025-12-24,2026-10,96.8450
2025-12-24,2026-11,96.8800
2025-12-24,2026-12,96.9050
2025-12-24,2027-01,96.9150
2025-12-24,2027-02,96.9100
2025-12-24,2027-03,96.9150
2025-12-24,2027-04,96.9150
2025-12-24,2027-05,96.9050
2025-12-24,2027-06,96.8850
2025-12-24,2027-07,96.8750
2025-12-24,2027-08,96.8650
2025-12-24,2027-09,96.8650
2025-12-24,2027-10,96.8600
2025-12-24,2027-11,96.8400
2025-12-24,2027-12,96.8250
2025-12-24,2028-01,96.9050
2025-12-24,2028-02,96.8900
2025-12-26,2026-10,96.8700
2025-12-26,2026-11,96.9050
2025-12-26,2026-12,96.9300
2025-12-26,2027-01,96.9400
2025-12-26,2027-02,96.9350
2025-12-26,2027-03,96.9400
2025-12-26,2027-04,96.9400
2025-12-26,2027-05,96.9300
2025-12-26,2027-06,96.9100
2025-12-26,2027-07,96.9000
2025-12-26,2027-08,96.8900
2025-12-26,2027-09,96.8900
2025-12-26,2027-10,96.8850
2025-12-26,2027-11,96.8650
2025-12-26,2027-12,96.8500
2025-12-26,2028-01,96.9300
2025-12-26,2028-02,96.9150
2025-12-29,2026-10,96.8900
2025-12-29,2026-11,96.9300
2025-12-29,2026-12,96.9550
2025-12-29,2027-01,96.9650
2025-12-29,2027-02,96.9650
2025-12-29,2027-03,96.9700
2025-12-29,2027-04,96.9700
2025-12-29,2027-05,96.9600
2025-12-29,2027-06,96.9400
2025-12-29,2027-07,96.9500
2025-12-29,2027-08,96.9400
2025-12-29,2027-09,96.9400
2025-12-29,2027-10,96.9350
2025-12-29,2027-11,96.9150
2025-12-29,2027-12,96.9000
2025-12-29,2028-01,96.9800
2025-12-29,2028-02,96.9650
2025-12-30,2026-10,96.8850
2025-12-30,2026-11,96.9250
2025-12-30,2026-12,96.9550
2025-12-30,2027-01,96.9650
2025-12-30,2027-02,96.9650
2025-12-30,2027-03,96.9700
2025-12-30,2027-04,96.9700
2025-12-30,2027-05,96.9600
2025-12-30,2027-06,96.9400
2025-12-30,2027-07,96.9500
2025-12-30,2027-08,96.9400
2025-12-30,2027-09,96.9400
2025-12-30,2027-10,96.9350
2025-12-30,2027-11,96.9150
2025-12-30,2027-12,96.9000
2025-12-30,2028-01,96.9800
2025-12-30,2028-02,96.9650
2025-12-31,2026-10,96.8700
2025-12-31,2026-11,96.9100
2025-12-31,2026-12,96.9400
2025-12-31,2027-01,96.9500
2025-12-31,2027-02,96.9500
2025-12-31,2027-03,96.9550
2025-12-31,2027-04,96.9550
2025-12-31,2027-05,96.9450
2025-12-31,2027-06,96.9250
2025-12-31,2027-07,96.9350
2025-12-31,2027-08,96.9250
2025-12-31,2027-09,96.9250
2025-12-31,2027-10,96.9200
2025-12-31,2027-11,96.9000
2025-12-31,2027-12,96.8850
2025-12-31,2028-01,96.9650
2025-12-31,2028-02,96.9500
2026-01-02,2026-10,96.8650
2026-01-02,2026-11,96.9050
2026-01-02,2026-12,96.9300
2026-01-02,2027-01,96.9400
2026-01-02,2027-02,96.9400
2026-01-02,2027-03,96.9450
2026-01-02,2027-04,96.9400
2026-01-02,2027-05,96.9300
2026-01-02,2027-06,96.9100
2026-01-02,2027-07,96.9200
2026-01-02,2027-08,96.9100
2026-01-02,2027-09,96.9100
2026-01-02,2027-10,96.9050
2026-01-02,2027-11,96.8850
2026-01-02,2027-12,96.8700
2026-01-02,2028-01,96.9500
2026-01-02,2028-02,96.9350
2026-01-05,2026-10,96.8800
2026-01-05,2026-11,96.9200
2026-01-05,2026-12,96.9500
2026-01-05,2027-01,96.9600
2026-01-05,2027-02,96.9600
2026-01-05,2027-03,96.9650
2026-01-05,2027-04,96.9600
2026-01-05,2027-05,96.9500
2026-01-05,2027-06,96.9300
2026-01-05,2027-07,96.9400
2026-01-05,2027-08,96.9300
2026-01-05,2027-09,96.9300
2026-01-05,2027-10,96.9250
2026-01-05,2027-11,96.9050
2026-01-05,2027-12,96.8900
2026-01-05,2028-01,96.9700
2026-01-05,2028-02,96.9550
2026-01-06,2026-10,96.8500
2026-01-06,2026-11,96.8900
2026-01-06,2026-12,96.9200
2026-01-06,2027-01,96.9350
2026-01-06,2027-02,96.9350
2026-01-06,2027-03,96.9400
2026-01-06,2027-04,96.9400
2026-01-06,2027-05,96.9300
2026-01-06,2027-06,96.9100
2026-01-06,2027-07,96.9200
2026-01-06,2027-08,96.9100
2026-01-06,2027-09,96.9100
2026-01-06,2027-10,96.9050
2026-01-06,2027-11,96.8850
2026-01-06,2027-12,96.8700
2026-01-06,2028-01,96.9500
2026-01-06,2028-02,96.9350
2026-01-07,2026-10,96.8550
2026-01-07,2026-11,96.9000
2026-01-07,2026-12,96.9400
2026-01-07,2027-01,96.9550
2026-01-07,2027-02,96.9600
2026-01-07,2027-03,96.9650
2026-01-07,2027-04,96.9650
2026-01-07,2027-05,96.9550
2026-01-07,2027-06,96.9350
2026-01-07,2027-07,96.9450
2026-01-07,2027-08,96.9350
2026-01-07,2027-09,96.9350
2026-01-07,2027-10,96.9300
2026-01-07,2027-11,96.9100
2026-01-07,2027-12,96.8950
2026-01-07,2028-01,96.9750
2026-01-07,2028-02,96.9600
2026-01-08,2026-10,96.8400
2026-01-08,2026-11,96.8800
2026-01-08,2026-12,96.9150
2026-01-08,2027-01,96.9300
2026-01-08,2027-02,96.9350
2026-01-08,2027-03,96.9400
2026-01-08,2027-04,96.9400
2026-01-08,2027-05,96.9300
2026-01-08,2027-06,96.9100
2026-01-08,2027-07,96.9200
2026-01-08,2027-08,96.9100
2026-01-08,2027-09,96.9100
2026-01-08,2027-10,96.9050
2026-01-08,2027-11,96.8850
2026-01-08,2027-12,96.8700
2026-01-08,2028-01,96.9500
2026-01-08,2028-02,96.9350
2026-01-09,2026-10,96.7800
2026-01-09,2026-11,96.8200
2026-01-09,2026-12,96.8550
2026-01-09,2027-01,96.8700
2026-01-09,2027-02,96.8750
2026-01-09,2027-03,96.8800
2026-01-09,2027-04,96.8800
2026-01-09,2027-05,96.8750
2026-01-09,2027-06,96.8700
2026-01-09,2027-07,96.8700
2026-01-09,2027-08,96.8600
2026-01-09,2027-09,96.8600
2026-01-09,2027-10,96.8550
2026-01-09,2027-11,96.8350
2026-01-09,2027-12,96.8200
2026-01-09,2028-01,96.9000
2026-01-09,2028-02,96.8850
2026-01-12,2026-10,96.7700
2026-01-12,2026-11,96.8150
2026-01-12,2026-12,96.8550
2026-01-12,2027-01,96.8700
2026-01-12,2027-02,96.8750
2026-01-12,2027-03,96.8800
2026-01-12,2027-04,96.8750
2026-01-12,2027-05,96.8700
2026-01-12,2027-06,96.8700
2026-01-12,2027-07,96.8650
2026-01-12,2027-08,96.8550
2026-01-12,2027-09,96.8550
2026-01-12,2027-10,96.8500
2026-01-12,2027-11,96.8300
2026-01-12,2027-12,96.8150
2026-01-12,2028-01,96.8950
2026-01-12,2028-02,96.8800
2026-01-13,2026-10,96.7850
2026-01-13,2026-11,96.8350
2026-01-13,2026-12,96.8800
2026-01-13,2027-01,96.8950
2026-01-13,2027-02,96.9000
2026-01-13,2027-03,96.9050
2026-01-13,2027-04,96.9050
2026-01-13,2027-05,96.9000
2026-01-13,2027-06,96.9000
2026-01-13,2027-07,96.8950
2026-01-13,2027-08,96.8850
2026-01-13,2027-09,96.8850
2026-01-13,2027-10,96.8800
2026-01-13,2027-11,96.8600
2026-01-13,2027-12,96.8450
2026-01-13,2028-01,96.9250
2026-01-13,2028-02,96.9100
2026-01-14,2026-10,96.8000
2026-01-14,2026-11,96.8500
2026-01-14,2026-12,96.8950
2026-01-14,2027-01,96.9100
2026-01-14,2027-02,96.9150
2026-01-14,2027-03,96.9200
2026-01-14,2027-04,96.9250
2026-01-14,2027-05,96.9200
2026-01-14,2027-06,96.9200
2026-01-14,2027-07,96.9150
2026-01-14,2027-08,96.9050
2026-01-14,2027-09,96.9050
2026-01-14,2027-10,96.9000
2026-01-14,2027-11,96.8800
2026-01-14,2027-12,96.8650
2026-01-14,2028-01,96.9450
2026-01-14,2028-02,96.9300
2026-01-15,2026-10,96.7350
2026-01-15,2026-11,96.7800
2026-01-15,2026-12,96.8200
2026-01-15,2027-01,96.8350
2026-01-15,2027-02,96.8400
2026-01-15,2027-03,96.8450
2026-01-15,2027-04,96.8500
2026-01-15,2027-05,96.8400
2026-01-15,2027-06,96.8400
2026-01-15,2027-07,96.8400
2026-01-15,2027-08,96.8300
2026-01-15,2027-09,96.8300
2026-01-15,2027-10,96.8250
2026-01-15,2027-11,96.8050
2026-01-15,2027-12,96.8400
2026-01-15,2028-01,96.9200
2026-01-15,2028-02,96.9050
2026-01-16,2026-10,96.7200
2026-01-16,2026-11,96.7600
2026-01-16,2026-12,96.7950
2026-01-16,2027-01,96.8100
2026-01-16,2027-02,96.8100
2026-01-16,2027-03,96.8150
2026-01-16,2027-04,96.8150
2026-01-16,2027-05,96.8050
2026-01-16,2027-06,96.8050
2026-01-16,2027-07,96.8050
2026-01-16,2027-08,96.7950
2026-01-16,2027-09,96.7950
2026-01-16,2027-10,96.7900
2026-01-16,2027-11,96.7700
2026-01-16,2027-12,96.8050
2026-01-16,2028-01,96.8850
2026-01-16,2028-02,96.8700
2026-01-20,2026-10,96.7350
2026-01-20,2026-11,96.7750
2026-01-20,2026-12,96.8150
2026-01-20,2027-01,96.8250
2026-01-20,2027-02,96.8250
2026-01-20,2027-03,96.8250
2026-01-20,2027-04,96.8200
2026-01-20,2027-05,96.8100
2026-01-20,2027-06,96.8100
2026-01-20,2027-07,96.8000
2026-01-20,2027-08,96.7800
2026-01-20,2027-09,96.7800
2026-01-20,2027-10,96.7750
2026-01-20,2027-11,96.7550
2026-01-20,2027-12,96.7900
2026-01-20,2028-01,96.8700
2026-01-20,2028-02,96.8550
2026-01-21,2026-10,96.7150
2026-01-21,2026-11,96.7600
2026-01-21,2026-12,96.7950
2026-01-21,2027-01,96.8050
2026-01-21,2027-02,96.8050
2026-01-21,2027-03,96.8050
2026-01-21,2027-04,96.8000
2026-01-21,2027-05,96.7900
2026-01-21,2027-06,96.7900
2026-01-21,2027-07,96.7800
2026-01-21,2027-08,96.7600
2026-01-21,2027-09,96.7600
2026-01-21,2027-10,96.7550
2026-01-21,2027-11,96.7350
2026-01-21,2027-12,96.7700
2026-01-21,2028-01,96.8500
2026-01-21,2028-02,96.8350
2026-01-22,2026-10,96.7000
2026-01-22,2026-11,96.7400
2026-01-22,2026-12,96.7750
2026-01-22,2027-01,96.7850
2026-01-22,2027-02,96.7850
2026-01-22,2027-03,96.7850
2026-01-22,2027-04,96.7800
2026-01-22,2027-05,96.7700
2026-01-22,2027-06,96.7700
2026-01-22,2027-07,96.7600
2026-01-22,2027-08,96.7400
2026-01-22,2027-09,96.7400
2026-01-22,2027-10,96.7350
2026-01-22,2027-11,96.7150
2026-01-22,2027-12,96.7500
2026-01-22,2028-01,96.8300
2026-01-22,2028-02,96.8150
2026-01-23,2026-10,96.7100
2026-01-23,2026-11,96.7500
2026-01-23,2026-12,96.7850
2026-01-23,2027-01,96.8000
2026-01-23,2027-02,96.8000
2026-01-23,2027-03,96.8000
2026-01-23,2027-04,96.7950
2026-01-23,2027-05,96.7850
2026-01-23,2027-06,96.7850
2026-01-23,2027-07,96.7750
2026-01-23,2027-08,96.7550
2026-01-23,2027-09,96.7550
2026-01-23,2027-10,96.7500
2026-01-23,2027-11,96.7300
2026-01-23,2027-12,96.7650
2026-01-23,2028-01,96.8450
2026-01-23,2028-02,96.8300
2026-01-26,2026-10,96.7300
2026-01-26,2026-11,96.7750
2026-01-26,2026-12,96.8100
2026-01-26,2027-01,96.8250
2026-01-26,2027-02,96.8200
2026-01-26,2027-03,96.8200
2026-01-26,2027-04,96.8150
2026-01-26,2027-05,96.8050
2026-01-26,2027-06,96.8050
2026-01-26,2027-07,96.7950
2026-01-26,2027-08,96.7750
2026-01-26,2027-09,96.7750
2026-01-26,2027-10,96.7700
2026-01-26,2027-11,96.7500
2026-01-26,2027-12,96.7850
2026-01-26,2028-01,96.8650
2026-01-26,2028-02,96.8500
2026-01-27,2026-10,96.7550
2026-01-27,2026-11,96.8000
2026-01-27,2026-12,96.8350
2026-01-27,2027-01,96.8500
2026-01-27,2027-02,96.8500
2026-01-27,2027-03,96.8500
2026-01-27,2027-04,96.8450
2026-01-27,2027-05,96.8350
2026-01-27,2027-06,96.8350
2026-01-27,2027-07,96.8250
2026-01-27,2027-08,96.8050
2026-01-27,2027-09,96.8050
2026-01-27,2027-10,96.8000
2026-01-27,2027-11,96.7800
2026-01-27,2027-12,96.8150
2026-01-27,2028-01,96.8950
2026-01-27,2028-02,96.8800
2026-01-28,2026-10,96.7350
2026-01-28,2026-11,96.7800
2026-01-28,2026-12,96.8150
2026-01-28,2027-01,96.8250
2026-01-28,2027-02,96.8250
2026-01-28,2027-03,96.8250
2026-01-28,2027-04,96.8200
2026-01-28,2027-05,96.8050
2026-01-28,2027-06,96.7950
2026-01-28,2027-07,96.7850
2026-01-28,2027-08,96.7650
2026-01-28,2027-09,96.7650
2026-01-28,2027-10,96.7600
2026-01-28,2027-11,96.7400
2026-01-28,2027-12,96.7750
2026-01-28,2028-01,96.8550
2026-01-28,2028-02,96.8400
2026-01-29,2026-10,96.7500
2026-01-29,2026-11,96.8000
2026-01-29,2026-12,96.8350
2026-01-29,2027-01,96.8500
2026-01-29,2027-02,96.8500
2026-01-29,2027-03,96.8500
2026-01-29,2027-04,96.8500
2026-01-29,2027-05,96.8350
2026-01-29,2027-06,96.8250
2026-01-29,2027-07,96.8150
2026-01-29,2027-08,96.7950
2026-01-29,2027-09,96.7950
2026-01-29,2027-10,96.7900
2026-01-29,2027-11,96.7700
2026-01-29,2027-12,96.8050
2026-01-29,2028-01,96.8850
2026-01-29,2028-02,96.8700
2026-01-30,2026-10,96.7850
2026-01-30,2026-11,96.8400
2026-01-30,2026-12,96.8800
2026-01-30,2027-01,96.8950
2026-01-30,2027-02,96.8950
2026-01-30,2027-03,96.8950
2026-01-30,2027-04,96.8950
2026-01-30,2027-05,96.8800
2026-01-30,2027-06,96.8700
2026-01-30,2027-07,96.8600
2026-01-30,2027-08,96.8400
2026-01-30,2027-09,96.8400
2026-01-30,2027-10,96.8350
2026-01-30,2027-11,96.8150
2026-01-30,2027-12,96.8500
2026-01-30,2028-01,96.9300
2026-01-30,2028-02,96.9150
2026-02-02,2026-10,96.7400
2026-02-02,2026-11,96.7900
2026-02-02,2026-12,96.8300
2026-02-02,2027-01,96.8450
2026-02-02,2027-02,96.8450
2026-02-02,2027-03,96.8450
2026-02-02,2027-04,96.8450
2026-02-02,2027-05,96.8300
2026-02-02,2027-06,96.8200
2026-02-02,2027-07,96.8150
2026-02-02,2027-08,96.7950
2026-02-02,2027-09,96.7950
2026-02-02,2027-10,96.7900
2026-02-02,2027-11,96.7700
2026-02-02,2027-12,96.8050
2026-02-02,2028-01,96.8850
2026-02-02,2028-02,96.8700
2026-02-03,2026-10,96.7350
2026-02-03,2026-11,96.7900
2026-02-03,2026-12,96.8350
2026-02-03,2027-01,96.8500
2026-02-03,2027-02,96.8500
2026-02-03,2027-03,96.8500
2026-02-03,2027-04,96.8500
2026-02-03,2027-05,96.8350
2026-02-03,2027-06,96.8250
2026-02-03,2027-07,96.8200
2026-02-03,2027-08,96.8000
2026-02-03,2027-09,96.8000
2026-02-03,2027-10,96.7950
2026-02-03,2027-11,96.7750
2026-02-03,2027-12,96.8150
2026-02-03,2028-01,96.8950
2026-02-03,2028-02,96.8800
2026-02-04,2026-10,96.7400
2026-02-04,2026-11,96.7950
2026-02-04,2026-12,96.8400
2026-02-04,2027-01,96.8550
2026-02-04,2027-02,96.8550
2026-02-04,2027-03,96.8550
2026-02-04,2027-04,96.8550
2026-02-04,2027-05,96.8400
2026-02-04,2027-06,96.8300
2026-02-04,2027-07,96.8250
2026-02-04,2027-08,96.8050
2026-02-04,2027-09,96.8050
2026-02-04,2027-10,96.7950
2026-02-04,2027-11,96.7750
2026-02-04,2027-12,96.8150
2026-02-04,2028-01,96.8950
2026-02-04,2028-02,96.8800
2026-02-05,2026-10,96.8300
2026-02-05,2026-11,96.8850
2026-02-05,2026-12,96.9250
2026-02-05,2027-01,96.9350
2026-02-05,2027-02,96.9350
2026-02-05,2027-03,96.9350
2026-02-05,2027-04,96.9350
2026-02-05,2027-05,96.9200
2026-02-05,2027-06,96.9100
2026-02-05,2027-07,96.9050
2026-02-05,2027-08,96.8850
2026-02-05,2027-09,96.8850
2026-02-05,2027-10,96.8750
2026-02-05,2027-11,96.8550
2026-02-05,2027-12,96.8950
2026-02-05,2028-01,96.9750
2026-02-05,2028-02,96.9600
2026-02-06,2026-10,96.8100
2026-02-06,2026-11,96.8600
2026-02-06,2026-12,96.9000
2026-02-06,2027-01,96.9150
2026-02-06,2027-02,96.9150
2026-02-06,2027-03,96.9150
2026-02-06,2027-04,96.9150
2026-02-06,2027-05,96.9000
2026-02-06,2027-06,96.8950
2026-02-06,2027-07,96.8900
2026-02-06,2027-08,96.8700
2026-02-06,2027-09,96.8700
2026-02-06,2027-10,96.8600
2026-02-06,2027-11,96.8400
2026-02-06,2027-12,96.8800
2026-02-06,2028-01,96.9600
2026-02-06,2028-02,96.9450
2026-02-09,2026-10,96.8250
2026-02-09,2026-11,96.8750
2026-02-09,2026-12,96.9150
2026-02-09,2027-01,96.9300
2026-02-09,2027-02,96.9300
2026-02-09,2027-03,96.9300
2026-02-09,2027-04,96.9300
2026-02-09,2027-05,96.9150
2026-02-09,2027-06,96.9100
2026-02-09,2027-07,96.9050
2026-02-09,2027-08,96.8850
2026-02-09,2027-09,96.8850
2026-02-09,2027-10,96.8750
2026-02-09,2027-11,96.8550
2026-02-09,2027-12,96.8950
2026-02-09,2028-01,96.9750
2026-02-09,2028-02,96.9600
2026-02-10,2026-10,96.8400
2026-02-10,2026-11,96.8950
2026-02-10,2026-12,96.9400
2026-02-10,2027-01,96.9550
2026-02-10,2027-02,96.9600
2026-02-10,2027-03,96.9650
2026-02-10,2027-04,96.9700
2026-02-10,2027-05,96.9600
2026-02-10,2027-06,96.9550
2026-02-10,2027-07,96.9500
2026-02-10,2027-08,96.9300
2026-02-10,2027-09,96.9300
2026-02-10,2027-10,96.9200
2026-02-10,2027-11,96.9000
2026-02-10,2027-12,96.9400
2026-02-10,2028-01,97.0200
2026-02-10,2028-02,97.0050
2026-02-11,2026-10,96.7600
2026-02-11,2026-11,96.8200
2026-02-11,2026-12,96.8700
2026-02-11,2027-01,96.8900
2026-02-11,2027-02,96.9050
2026-02-11,2027-03,96.9100
2026-02-11,2027-04,96.9150
2026-02-11,2027-05,96.9050
2026-02-11,2027-06,96.9000
2026-02-11,2027-07,96.8950
2026-02-11,2027-08,96.8750
2026-02-11,2027-09,96.8750
2026-02-11,2027-10,96.8650
2026-02-11,2027-11,96.8450
2026-02-11,2027-12,96.8850
2026-02-11,2028-01,96.9650
2026-02-11,2028-02,96.9500
2026-02-12,2026-10,96.7950
2026-02-12,2026-11,96.8600
2026-02-12,2026-12,96.9150
2026-02-12,2027-01,96.9400
2026-02-12,2027-02,96.9550
2026-02-12,2027-03,96.9600
2026-02-12,2027-04,96.9700
2026-02-12,2027-05,96.9600
2026-02-12,2027-06,96.9600
2026-02-12,2027-07,96.9600
2026-02-12,2027-08,96.9400
2026-02-12,2027-09,96.9400
2026-02-12,2027-10,96.9300
2026-02-12,2027-11,96.9100
2026-02-12,2027-12,96.9500
2026-02-12,2028-01,97.0300
2026-02-12,2028-02,97.0150
2026-02-13,2026-10,96.8350
2026-02-13,2026-11,96.9150
2026-02-13,2026-12,96.9750
2026-02-13,2027-01,97.0000
2026-02-13,2027-02,97.0250
2026-02-13,2027-03,97.0350
2026-02-13,2027-04,97.0450
2026-02-13,2027-05,97.0400
2026-02-13,2027-06,97.0400
2026-02-13,2027-07,97.0400
2026-02-13,2027-08,97.0250
2026-02-13,2027-09,97.0250
2026-02-13,2027-10,97.0150
2026-02-13,2027-11,96.9950
2026-02-13,2027-12,97.0350
2026-02-13,2028-01,97.1150
2026-02-13,2028-02,97.1000
2026-02-17,2026-10,96.7950
2026-02-17,2026-11,96.8700
2026-02-17,2026-12,96.9300
2026-02-17,2027-01,96.9600
2026-02-17,2027-02,96.9850
2026-02-17,2027-03,96.9950
2026-02-17,2027-04,97.0100
2026-02-17,2027-05,97.0100
2026-02-17,2027-06,97.0100
2026-02-17,2027-07,97.0100
2026-02-17,2027-08,97.0000
2026-02-17,2027-09,97.0000
2026-02-17,2027-10,96.9900
2026-02-17,2027-11,96.9700
2026-02-17,2027-12,97.0100
2026-02-17,2028-01,97.0900
2026-02-17,2028-02,97.0750
2026-02-18,2026-10,96.7850
2026-02-18,2026-11,96.8550
2026-02-18,2026-12,96.9150
2026-02-18,2027-01,96.9450
2026-02-18,2027-02,96.9650
2026-02-18,2027-03,96.9750
2026-02-18,2027-04,96.9900
2026-02-18,2027-05,96.9900
2026-02-18,2027-06,96.9900
2026-02-18,2027-07,96.9900
2026-02-18,2027-08,96.9800
2026-02-18,2027-09,96.9800
2026-02-18,2027-10,96.9700
2026-02-18,2027-11,96.9500
2026-02-18,2027-12,96.9900
2026-02-18,2028-01,97.0700
2026-02-18,2028-02,97.0550
2026-02-19,2026-10,96.7700
2026-02-19,2026-11,96.8500
2026-02-19,2026-12,96.9100
2026-02-19,2027-01,96.9350
2026-02-19,2027-02,96.9600
2026-02-19,2027-03,96.9700
2026-02-19,2027-04,96.9850
2026-02-19,2027-05,96.9850
2026-02-19,2027-06,96.9850
2026-02-19,2027-07,96.9900
2026-02-19,2027-08,96.9800
2026-02-19,2027-09,96.9800
2026-02-19,2027-10,96.9700
2026-02-19,2027-11,96.9500
2026-02-19,2027-12,96.9900
2026-02-19,2028-01,97.0700
2026-02-19,2028-02,97.0550
2026-02-20,2026-10,96.7500
2026-02-20,2026-11,96.8250
2026-02-20,2026-12,96.8900
2026-02-20,2027-01,96.9200
2026-02-20,2027-02,96.9450
2026-02-20,2027-03,96.9550
2026-02-20,2027-04,96.9700
2026-02-20,2027-05,96.9700
2026-02-20,2027-06,96.9750
2026-02-20,2027-07,96.9800
2026-02-20,2027-08,96.9700
2026-02-20,2027-09,96.9700
2026-02-20,2027-10,96.9600
2026-02-20,2027-11,96.9400
2026-02-20,2027-12,96.9800
2026-02-20,2028-01,97.0600
2026-02-20,2028-02,97.0450
2026-02-23,2026-10,96.7700
2026-02-23,2026-11,96.8450
2026-02-23,2026-12,96.9200
2026-02-23,2027-01,96.9550
2026-02-23,2027-02,96.9850
2026-02-23,2027-03,97.0050
2026-02-23,2027-04,97.0250
2026-02-23,2027-05,97.0300
2026-02-23,2027-06,97.0350
2026-02-23,2027-07,97.0450
2026-02-23,2027-08,97.0350
2026-02-23,2027-09,97.0350
2026-02-23,2027-10,97.0300
2026-02-23,2027-11,97.0100
2026-02-23,2027-12,97.0500
2026-02-23,2028-01,97.1300
2026-02-23,2028-02,97.1150
2026-02-24,2026-10,96.7400
2026-02-24,2026-11,96.8150
2026-02-24,2026-12,96.8850
2026-02-24,2027-01,96.9200
2026-02-24,2027-02,96.9500
2026-02-24,2027-03,96.9700
2026-02-24,2027-04,96.9900
2026-02-24,2027-05,96.9950
2026-02-24,2027-06,97.0050
2026-02-24,2027-07,97.0150
2026-02-24,2027-08,97.0100
2026-02-24,2027-09,97.0100
2026-02-24,2027-10,97.0050
2026-02-24,2027-11,96.9850
2026-02-24,2027-12,97.0250
2026-02-24,2028-01,97.1050
2026-02-24,2028-02,97.0900
2026-02-25,2026-10,96.7200
2026-02-25,2026-11,96.7900
2026-02-25,2026-12,96.8650
2026-02-25,2027-01,96.8950
2026-02-25,2027-02,96.9200
2026-02-25,2027-03,96.9350
2026-02-25,2027-04,96.9550
2026-02-25,2027-05,96.9600
2026-02-25,2027-06,96.9700
2026-02-25,2027-07,96.9800
2026-02-25,2027-08,96.9750
2026-02-25,2027-09,96.9750
2026-02-25,2027-10,96.9700
2026-02-25,2027-11,96.9700
2026-02-25,2027-12,97.0100
2026-02-25,2028-01,97.0900
2026-02-25,2028-02,97.0750
2026-02-26,2026-10,96.7300
2026-02-26,2026-11,96.8050
2026-02-26,2026-12,96.8850
2026-02-26,2027-01,96.9200
2026-02-26,2027-02,96.9450
2026-02-26,2027-03,96.9600
2026-02-26,2027-04,96.9850
2026-02-26,2027-05,96.9900
2026-02-26,2027-06,97.0000
2026-02-26,2027-07,97.0100
2026-02-26,2027-08,97.0050
2026-02-26,2027-09,97.0050
2026-02-26,2027-10,97.0000
2026-02-26,2027-11,97.0000
2026-02-26,2027-12,97.0400
2026-02-26,2028-01,97.1200
2026-02-26,2028-02,97.1050
2026-02-27,2026-10,96.7850
2026-02-27,2026-11,96.8700
2026-02-27,2026-12,96.9500
2026-02-27,2027-01,96.9850
2026-02-27,2027-02,97.0200
2026-02-27,2027-03,97.0400
2026-02-27,2027-04,97.0650
2026-02-27,2027-05,97.0750
2026-02-27,2027-06,97.0850
2026-02-27,2027-07,97.0950
2026-02-27,2027-08,97.0900
2026-02-27,2027-09,97.0900
2026-02-27,2027-10,97.1000
2026-02-27,2027-11,97.1000
2026-02-27,2027-12,97.1400
2026-02-27,2028-01,97.2200
2026-02-27,2028-02,97.2050
2026-03-02,2026-10,96.7000
2026-03-02,2026-11,96.7700
2026-03-02,2026-12,96.8400
2026-03-02,2027-01,96.8700
2026-03-02,2027-02,96.8950
2026-03-02,2027-03,96.9150
2026-03-02,2027-04,96.9400
2026-03-02,2027-05,96.9500
2026-03-02,2027-06,96.9600
2026-03-02,2027-07,96.9700
2026-03-02,2027-08,96.9650
2026-03-02,2027-09,96.9750
2026-03-02,2027-10,96.9850
2026-03-02,2027-11,96.9850
2026-03-02,2027-12,97.0250
2026-03-02,2028-01,97.1050
2026-03-02,2028-02,97.0900
2026-03-03,2026-10,96.6800
2026-03-03,2026-11,96.7400
2026-03-03,2026-12,96.8100
2026-03-03,2027-01,96.8350
2026-03-03,2027-02,96.8550
2026-03-03,2027-03,96.8750
2026-03-03,2027-04,96.9000
2026-03-03,2027-05,96.9100
2026-03-03,2027-06,96.9300
2026-03-03,2027-07,96.9450
2026-03-03,2027-08,96.9450
2026-03-03,2027-09,96.9600
2026-03-03,2027-10,96.9700
2026-03-03,2027-11,96.9700
2026-03-03,2027-12,97.0100
2026-03-03,2028-01,97.0900
2026-03-03,2028-02,97.0750
2026-03-04,2026-10,96.6350
2026-03-04,2026-11,96.6950
2026-03-04,2026-12,96.7600
2026-03-04,2027-01,96.7900
2026-03-04,2027-02,96.8100
2026-03-04,2027-03,96.8300
2026-03-04,2027-04,96.8550
2026-03-04,2027-05,96.8650
2026-03-04,2027-06,96.8850
2026-03-04,2027-07,96.9000
2026-03-04,2027-08,96.9050
2026-03-04,2027-09,96.9200
2026-03-04,2027-10,96.9300
2026-03-04,2027-11,96.9300
2026-03-04,2027-12,96.9700
2026-03-04,2028-01,97.0500
2026-03-04,2028-02,97.0350
2026-03-05,2026-10,96.6050
2026-03-05,2026-11,96.6550
2026-03-05,2026-12,96.7150
2026-03-05,2027-01,96.7400
2026-03-05,2027-02,96.7500
2026-03-05,2027-03,96.7650
2026-03-05,2027-04,96.7900
2026-03-05,2027-05,96.7950
2026-03-05,2027-06,96.8150
2026-03-05,2027-07,96.8250
2026-03-05,2027-08,96.8300
2026-03-05,2027-09,96.8450
2026-03-05,2027-10,96.8550
2026-03-05,2027-11,96.8550
2026-03-05,2027-12,96.8950
2026-03-05,2028-01,96.9750
2026-03-05,2028-02,96.9600
2026-03-06,2026-10,96.6600
2026-03-06,2026-11,96.7100
2026-03-06,2026-12,96.7650
2026-03-06,2027-01,96.7850
2026-03-06,2027-02,96.8000
2026-03-06,2027-03,96.8100
2026-03-06,2027-04,96.8300
2026-03-06,2027-05,96.8350
2026-03-06,2027-06,96.8550
2026-03-06,2027-07,96.8650
2026-03-06,2027-08,96.8700
2026-03-06,2027-09,96.8850
2026-03-06,2027-10,96.8950
2026-03-06,2027-11,96.8950
2026-03-06,2027-12,96.9350
2026-03-06,2028-01,97.0150
2026-03-06,2028-02,97.0000
2026-03-09,2026-10,96.6150
2026-03-09,2026-11,96.6600
2026-03-09,2026-12,96.7150
2026-03-09,2027-01,96.7350
2026-03-09,2027-02,96.7500
2026-03-09,2027-03,96.7600
2026-03-09,2027-04,96.7800
2026-03-09,2027-05,96.7850
2026-03-09,2027-06,96.8050
2026-03-09,2027-07,96.8150
2026-03-09,2027-08,96.8200
2026-03-09,2027-09,96.8350
2026-03-09,2027-10,96.8450
2026-03-09,2027-11,96.8450
2026-03-09,2027-12,96.8850
2026-03-09,2028-01,96.9650
2026-03-09,2028-02,96.9500
2026-03-10,2026-10,96.6400
2026-03-10,2026-11,96.6900
2026-03-10,2026-12,96.7450
2026-03-10,2027-01,96.7650
2026-03-10,2027-02,96.7800
2026-03-10,2027-03,96.7900
2026-03-10,2027-04,96.8100
2026-03-10,2027-05,96.8150
2026-03-10,2027-06,96.8350
2026-03-10,2027-07,96.8450
2026-03-10,2027-08,96.8500
2026-03-10,2027-09,96.8650
2026-03-10,2027-10,96.8750
2026-03-10,2027-11,96.8750
2026-03-10,2027-12,96.9150
2026-03-10,2028-01,96.9950
2026-03-10,2028-02,96.9800
2026-03-11,2026-10,96.5800
2026-03-11,2026-11,96.6150
2026-03-11,2026-12,96.6600
2026-03-11,2027-01,96.6800
2026-03-11,2027-02,96.6900
2026-03-11,2027-03,96.7000
2026-03-11,2027-04,96.7200
2026-03-11,2027-05,96.7250
2026-03-11,2027-06,96.7450
2026-03-11,2027-07,96.7550
2026-03-11,2027-08,96.7600
2026-03-11,2027-09,96.7750
2026-03-11,2027-10,96.7850
2026-03-11,2027-11,96.7850
2026-03-11,2027-12,96.8250
2026-03-11,2028-01,96.9050
2026-03-11,2028-02,96.8900
2026-03-12,2026-10,96.4750
2026-03-12,2026-11,96.4900
2026-03-12,2026-12,96.5200
2026-03-12,2027-01,96.5350
2026-03-12,2027-02,96.5350
2026-03-12,2027-03,96.5400
2026-03-12,2027-04,96.5500
2026-03-12,2027-05,96.5500
2026-03-12,2027-06,96.5700
2026-03-12,2027-07,96.5800
2026-03-12,2027-08,96.5850
2026-03-12,2027-09,96.6000
2026-03-12,2027-10,96.6200
2026-03-12,2027-11,96.6200
2026-03-12,2027-12,96.7850
2026-03-12,2028-01,96.9500
2026-03-12,2028-02,96.9350
2026-03-13,2026-10,96.5000
2026-03-13,2026-11,96.5200
2026-03-13,2026-12,96.5600
2026-03-13,2027-01,96.5750
2026-03-13,2027-02,96.5750
2026-03-13,2027-03,96.5800
2026-03-13,2027-04,96.5900
2026-03-13,2027-05,96.5900
2026-03-13,2027-06,96.6100
2026-03-13,2027-07,96.6200
2026-03-13,2027-08,96.6250
2026-03-13,2027-09,96.6400
2026-03-13,2027-10,96.6600
2026-03-13,2027-11,96.6600
2026-03-13,2027-12,96.8250
2026-03-13,2028-01,96.9900
2026-03-13,2028-02,96.9750
2026-03-16,2026-10,96.5200
2026-03-16,2026-11,96.5500
2026-03-16,2026-12,96.5950
2026-03-16,2027-01,96.6150
2026-03-16,2027-02,96.6300
2026-03-16,2027-03,96.6350
2026-03-16,2027-04,96.6450
2026-03-16,2027-05,96.6500
2026-03-16,2027-06,96.6700
2026-03-16,2027-07,96.6800
2026-03-16,2027-08,96.6850
2026-03-16,2027-09,96.7000
2026-03-16,2027-10,96.7200
2026-03-16,2027-11,96.7200
2026-03-16,2027-12,96.8850
2026-03-16,2028-01,97.0500
2026-03-16,2028-02,97.0350
2026-03-17,2026-10,96.5250
2026-03-17,2026-11,96.5550
2026-03-17,2026-12,96.6050
2026-03-17,2027-01,96.6250
2026-03-17,2027-02,96.6350
2026-03-17,2027-03,96.6450
2026-03-17,2027-04,96.6550
2026-03-17,2027-05,96.6600
2026-03-17,2027-06,96.6800
2026-03-17,2027-07,96.6950
2026-03-17,2027-08,96.7050
2026-03-17,2027-09,96.7200
2026-03-17,2027-10,96.7400
2026-03-17,2027-11,96.7400
2026-03-17,2027-12,96.9050
2026-03-17,2028-01,97.0700
2026-03-17,2028-02,97.0550
2026-03-18,2026-10,96.4600
2026-03-18,2026-11,96.4800
2026-03-18,2026-12,96.5200
2026-03-18,2027-01,96.5350
2026-03-18,2027-02,96.5450
2026-03-18,2027-03,96.5550
2026-03-18,2027-04,96.5650
2026-03-18,2027-05,96.5700
2026-03-18,2027-06,96.5950
2026-03-18,2027-07,96.6100
2026-03-18,2027-08,96.6200
2026-03-18,2027-09,96.6350
2026-03-18,2027-10,96.6550
2026-03-18,2027-11,96.6550
2026-03-18,2027-12,96.8200
2026-03-18,2028-01,96.9850
2026-03-18,2028-02,96.9700
2026-03-19,2026-10,96.3450
2026-03-19,2026-11,96.3450
2026-03-19,2026-12,96.3700
2026-03-19,2027-01,96.3800
2026-03-19,2027-02,96.3850
2026-03-19,2027-03,96.3900
2026-03-19,2027-04,96.4000
2026-03-19,2027-05,96.4100
2026-03-19,2027-06,96.4350
2026-03-19,2027-07,96.4650
2026-03-19,2027-08,96.4850
2026-03-19,2027-09,96.5050
2026-03-19,2027-10,96.5250
2026-03-19,2027-11,96.5250
2026-03-19,2027-12,96.6900
2026-03-19,2028-01,96.8550
2026-03-19,2028-02,96.8400
2026-03-20,2026-10,96.2750
2026-03-20,2026-11,96.2600
2026-03-20,2026-12,96.2750
2026-03-20,2027-01,96.2850
2026-03-20,2027-02,96.2850
2026-03-20,2027-03,96.2900
2026-03-20,2027-04,96.2950
2026-03-20,2027-05,96.3050
2026-03-20,2027-06,96.3400
2026-03-20,2027-07,96.3700
2026-03-20,2027-08,96.4000
2026-03-20,2027-09,96.4250
2026-03-20,2027-10,96.4650
2026-03-20,2027-11,96.4650
2026-03-20,2027-12,96.6300
2026-03-20,2028-01,96.7950
2026-03-20,2028-02,96.7800
2026-03-23,2026-10,96.3350
2026-03-23,2026-11,96.3400
2026-03-23,2026-12,96.3650
2026-03-23,2027-01,96.3750
2026-03-23,2027-02,96.3800
2026-03-23,2027-03,96.3850
2026-03-23,2027-04,96.3900
2026-03-23,2027-05,96.4000
2026-03-23,2027-06,96.4350
2026-03-23,2027-07,96.4550
2026-03-23,2027-08,96.4950
2026-03-23,2027-09,96.5200
2026-03-23,2027-10,96.5600
2026-03-23,2027-11,96.5600
2026-03-23,2027-12,96.7250
2026-03-23,2028-01,96.8900
2026-03-23,2028-02,96.8750
2026-03-24,2026-10,96.2550
2026-03-24,2026-11,96.2400
2026-03-24,2026-12,96.2550
2026-03-24,2027-01,96.2600
2026-03-24,2027-02,96.2600
2026-03-24,2027-03,96.2600
2026-03-24,2027-04,96.2650
2026-03-24,2027-05,96.2750
2026-03-24,2027-06,96.3100
2026-03-24,2027-07,96.3300
2026-03-24,2027-08,96.3700
2026-03-24,2027-09,96.3950
2026-03-24,2027-10,96.4350
2026-03-24,2027-11,96.4350
2026-03-24,2027-12,96.6000
2026-03-24,2028-01,96.7650
2026-03-24,2028-02,96.7500
2026-03-25,2026-10,96.2950
2026-03-25,2026-11,96.2900
2026-03-25,2026-12,96.3050
2026-03-25,2027-01,96.3150
2026-03-25,2027-02,96.3200
2026-03-25,2027-03,96.3250
2026-03-25,2027-04,96.3300
2026-03-25,2027-05,96.3450
2026-03-25,2027-06,96.3800
2026-03-25,2027-07,96.4000
2026-03-25,2027-08,96.4400
2026-03-25,2027-09,96.4650
2026-03-25,2027-10,96.5050
2026-03-25,2027-11,96.5050
2026-03-25,2027-12,96.6700
2026-03-25,2028-01,96.8350
2026-03-25,2028-02,96.8200
2026-03-26,2026-10,96.2350
2026-03-26,2026-11,96.2150
2026-03-26,2026-12,96.2200
2026-03-26,2027-01,96.2200
2026-03-26,2027-02,96.2150
2026-03-26,2027-03,96.2200
2026-03-26,2027-04,96.2250
2026-03-26,2027-05,96.2300
2026-03-26,2027-06,96.2600
2026-03-26,2027-07,96.2800
2026-03-26,2027-08,96.3100
2026-03-26,2027-09,96.3350
2026-03-26,2027-10,96.3750
2026-03-26,2027-11,96.3950
2026-03-26,2027-12,96.5600
2026-03-26,2028-01,96.7250
2026-03-26,2028-02,96.7100
2026-03-27,2026-10,96.3000
2026-03-27,2026-11,96.2900
2026-03-27,2026-12,96.2950
2026-03-27,2027-01,96.3000
2026-03-27,2027-02,96.3000
2026-03-27,2027-03,96.3050
2026-03-27,2027-04,96.3100
2026-03-27,2027-05,96.3150
2026-03-27,2027-06,96.3450
2026-03-27,2027-07,96.3650
2026-03-27,2027-08,96.3950
2026-03-27,2027-09,96.4200
2026-03-27,2027-10,96.4600
2026-03-27,2027-11,96.4800
2026-03-27,2027-12,96.6450
2026-03-27,2028-01,96.8100
2026-03-27,2028-02,96.7950
2026-03-30,2026-10,96.3650
2026-03-30,2026-11,96.3650
2026-03-30,2026-12,96.3850
2026-03-30,2027-01,96.3900
2026-03-30,2027-02,96.4000
2026-03-30,2027-03,96.4050
2026-03-30,2027-04,96.4100
2026-03-30,2027-05,96.4150
2026-03-30,2027-06,96.4400
2026-03-30,2027-07,96.4600
2026-03-30,2027-08,96.4900
2026-03-30,2027-09,96.5150
2026-03-30,2027-10,96.5550
2026-03-30,2027-11,96.5750
2026-03-30,2027-12,96.7400
2026-03-30,2028-01,96.9050
2026-03-30,2028-02,96.8900
2026-03-31,2026-10,96.3850
2026-03-31,2026-11,96.3900
2026-03-31,2026-12,96.4100
2026-03-31,2027-01,96.4200
2026-03-31,2027-02,96.4350
2026-03-31,2027-03,96.4350
2026-03-31,2027-04,96.4400
2026-03-31,2027-05,96.4450
2026-03-31,2027-06,96.4700
2026-03-31,2027-07,96.4900
2026-03-31,2027-08,96.5150
2026-03-31,2027-09,96.5400
2026-03-31,2027-10,96.5800
2026-03-31,2027-11,96.6000
2026-03-31,2027-12,96.7650
2026-03-31,2028-01,96.9300
2026-03-31,2028-02,96.9150
2026-04-01,2026-10,96.3850
2026-04-01,2026-11,96.3950
2026-04-01,2026-12,96.4200
2026-04-01,2027-01,96.4300
2026-04-01,2027-02,96.4450
2026-04-01,2027-03,96.4500
2026-04-01,2027-04,96.4550
2026-04-01,2027-05,96.4600
2026-04-01,2027-06,96.4850
2026-04-01,2027-07,96.4950
2026-04-01,2027-08,96.5200
2026-04-01,2027-09,96.5450
2026-04-01,2027-10,96.5850
2026-04-01,2027-11,96.6050
2026-04-01,2027-12,96.7700
2026-04-01,2028-01,96.9350
2026-04-01,2028-02,96.9200
2026-04-02,2026-10,96.3850
2026-04-02,2026-11,96.3900
2026-04-02,2026-12,96.4150
2026-04-02,2027-01,96.4250
2026-04-02,2027-02,96.4350
2026-04-02,2027-03,96.4400
2026-04-02,2027-04,96.4450
2026-04-02,2027-05,96.4500
2026-04-02,2027-06,96.4750
2026-04-02,2027-07,96.4850
2026-04-02,2027-08,96.5100
2026-04-02,2027-09,96.5350
2026-04-02,2027-10,96.5750
2026-04-02,2027-11,96.5950
2026-04-02,2027-12,96.7600
2026-04-02,2028-01,96.9250
2026-04-02,2028-02,96.9100
2026-04-06,2026-10,96.3450
2026-04-06,2026-11,96.3300
2026-04-06,2026-12,96.3500
2026-04-06,2027-01,96.3600
2026-04-06,2027-02,96.3650
2026-04-06,2027-03,96.3650
2026-04-06,2027-04,96.3700
2026-04-06,2027-05,96.3750
2026-04-06,2027-06,96.4000
2026-04-06,2027-07,96.4150
2026-04-06,2027-08,96.4400
2026-04-06,2027-09,96.4650
2026-04-06,2027-10,96.5050
2026-04-06,2027-11,96.5250
2026-04-06,2027-12,96.6900
2026-04-06,2028-01,96.8550
2026-04-06,2028-02,96.8400
2026-04-07,2026-10,96.3600
2026-04-07,2026-11,96.3550
2026-04-07,2026-12,96.3750
2026-04-07,2027-01,96.3850
2026-04-07,2027-02,96.3950
2026-04-07,2027-03,96.4000
2026-04-07,2027-04,96.4050
2026-04-07,2027-05,96.4100
2026-04-07,2027-06,96.4350
2026-04-07,2027-07,96.4500
2026-04-07,2027-08,96.4750
2026-04-07,2027-09,96.5000
2026-04-07,2027-10,96.5400
2026-04-07,2027-11,96.5600
2026-04-07,2027-12,96.7250
2026-04-07,2028-01,96.8900
2026-04-07,2028-02,96.8750
2026-04-08,2026-10,96.3650
2026-04-08,2026-11,96.3750
2026-04-08,2026-12,96.4050
2026-04-08,2027-01,96.4150
2026-04-08,2027-02,96.4300
2026-04-08,2027-03,96.4400
2026-04-08,2027-04,96.4500
2026-04-08,2027-05,96.4600
2026-04-08,2027-06,96.4850
2026-04-08,2027-07,96.5050
2026-04-08,2027-08,96.5300
2026-04-08,2027-09,96.5550
2026-04-08,2027-10,96.5950
2026-04-08,2027-11,96.6150
2026-04-08,2027-12,96.7800
2026-04-08,2028-01,96.9450
2026-04-08,2028-02,96.9300
2026-04-09,2026-10,96.3850
2026-04-09,2026-11,96.3950
2026-04-09,2026-12,96.4250
2026-04-09,2027-01,96.4350
2026-04-09,2027-02,96.4500
2026-04-09,2027-03,96.4600
2026-04-09,2027-04,96.4700
2026-04-09,2027-05,96.4750
2026-04-09,2027-06,96.5000
2026-04-09,2027-07,96.5150
2026-04-09,2027-08,96.5400
2026-04-09,2027-09,96.5650
2026-04-09,2027-10,96.6050
2026-04-09,2027-11,96.6250
2026-04-09,2027-12,96.7900
2026-04-09,2028-01,96.9550
2026-04-09,2028-02,96.9400
2026-04-10,2026-10,96.3750
2026-04-10,2026-11,96.3800
2026-04-10,2026-12,96.4100
2026-04-10,2027-01,96.4200
2026-04-10,2027-02,96.4350
2026-04-10,2027-03,96.4400
2026-04-10,2027-04,96.4500
2026-04-10,2027-05,96.4550
2026-04-10,2027-06,96.4800
2026-04-10,2027-07,96.4950
2026-04-10,2027-08,96.5200
2026-04-10,2027-09,96.5450
2026-04-10,2027-10,96.5850
2026-04-10,2027-11,96.6050
2026-04-10,2027-12,96.7700
2026-04-10,2028-01,96.9350
2026-04-10,2028-02,96.9200
2026-04-13,2026-10,96.3950
2026-04-13,2026-11,96.4050
2026-04-13,2026-12,96.4350
2026-04-13,2027-01,96.4450
2026-04-13,2027-02,96.4550
2026-04-13,2027-03,96.4600
2026-04-13,2027-04,96.4700
2026-04-13,2027-05,96.4750
2026-04-13,2027-06,96.5000
2026-04-13,2027-07,96.5150
2026-04-13,2027-08,96.5400
2026-04-13,2027-09,96.5650
2026-04-13,2027-10,96.6050
2026-04-13,2027-11,96.6250
2026-04-13,2027-12,96.7900
2026-04-13,2028-01,96.9550
2026-04-13,2028-02,96.9400
2026-04-14,2026-10,96.3950
2026-04-14,2026-11,96.4150
2026-04-14,2026-12,96.4450
2026-04-14,2027-01,96.4550
2026-04-14,2027-02,96.4700
2026-04-14,2027-03,96.4750
2026-04-14,2027-04,96.4850
2026-04-14,2027-05,96.4950
2026-04-14,2027-06,96.5200
2026-04-14,2027-07,96.5400
2026-04-14,2027-08,96.5650
2026-04-14,2027-09,96.5900
2026-04-14,2027-10,96.6300
2026-04-14,2027-11,96.6500
2026-04-14,2027-12,96.8150
2026-04-14,2028-01,96.9800
2026-04-14,2028-02,96.9650
2026-04-15,2026-10,96.3950
2026-04-15,2026-11,96.4100
2026-04-15,2026-12,96.4400
2026-04-15,2027-01,96.4500
2026-04-15,2027-02,96.4650
2026-04-15,2027-03,96.4700
2026-04-15,2027-04,96.4800
2026-04-15,2027-05,96.4900
2026-04-15,2027-06,96.5150
2026-04-15,2027-07,96.5300
2026-04-15,2027-08,96.5550
2026-04-15,2027-09,96.5800
2026-04-15,2027-10,96.6150
2026-04-15,2027-11,96.6350
2026-04-15,2027-12,96.8000
2026-04-15,2028-01,96.9650
2026-04-15,2028-02,96.9500
2026-04-16,2026-10,96.4000
2026-04-16,2026-11,96.4100
2026-04-16,2026-12,96.4350
2026-04-16,2027-01,96.4450
2026-04-16,2027-02,96.4550
2026-04-16,2027-03,96.4600
2026-04-16,2027-04,96.4650
2026-04-16,2027-05,96.4700
2026-04-16,2027-06,96.4950
2026-04-16,2027-07,96.5050
2026-04-16,2027-08,96.5300
2026-04-16,2027-09,96.5550
2026-04-16,2027-10,96.5900
2026-04-16,2027-11,96.6100
2026-04-16,2027-12,96.7750
2026-04-16,2028-01,96.9400
2026-04-16,2028-02,96.9250
2026-04-17,2026-10,96.4500
2026-04-17,2026-11,96.4750
2026-04-17,2026-12,96.5100
2026-04-17,2027-01,96.5200
2026-04-17,2027-02,96.5350
2026-04-17,2027-03,96.5450
2026-04-17,2027-04,96.5550
2026-04-17,2027-05,96.5650
2026-04-17,2027-06,96.5900
2026-04-17,2027-07,96.6050
2026-04-17,2027-08,96.6300
2026-04-17,2027-09,96.6550
2026-04-17,2027-10,96.6850
2026-04-17,2027-11,96.7050
2026-04-17,2027-12,96.8700
2026-04-17,2028-01,97.0350
2026-04-17,2028-02,97.0200
2026-04-20,2026-10,96.4300
2026-04-20,2026-11,96.4550
2026-04-20,2026-12,96.4900
2026-04-20,2027-01,96.5050
2026-04-20,2027-02,96.5200
2026-04-20,2027-03,96.5300
2026-04-20,2027-04,96.5450
2026-04-20,2027-05,96.5550
2026-04-20,2027-06,96.5800
2026-04-20,2027-07,96.5950
2026-04-20,2027-08,96.6200
2026-04-20,2027-09,96.6450
2026-04-20,2027-10,96.6750
2026-04-20,2027-11,96.6950
2026-04-20,2027-12,96.8600
2026-04-20,2028-01,97.0250
2026-04-20,2028-02,97.0100
2026-04-21,2026-10,96.4000
2026-04-21,2026-11,96.4150
2026-04-21,2026-12,96.4400
2026-04-21,2027-01,96.4450
2026-04-21,2027-02,96.4550
2026-04-21,2027-03,96.4650
2026-04-21,2027-04,96.4750
2026-04-21,2027-05,96.4800
2026-04-21,2027-06,96.5050
2026-04-21,2027-07,96.5200
2026-04-21,2027-08,96.5450
2026-04-21,2027-09,96.5700
2026-04-21,2027-10,96.6000
2026-04-21,2027-11,96.6200
2026-04-21,2027-12,96.7850
2026-04-21,2028-01,96.9500
2026-04-21,2028-02,96.9350
2026-04-22,2026-10,96.4000
2026-04-22,2026-11,96.4100
2026-04-22,2026-12,96.4300
2026-04-22,2027-01,96.4350
2026-04-22,2027-02,96.4400
2026-04-22,2027-03,96.4450
2026-04-22,2027-04,96.4500
2026-04-22,2027-05,96.4550
2026-04-22,2027-06,96.4800
2026-04-22,2027-07,96.4950
2026-04-22,2027-08,96.5200
2026-04-22,2027-09,96.5450
2026-04-22,2027-10,96.5750
2026-04-22,2027-11,96.5950
2026-04-22,2027-12,96.7600
2026-04-22,2028-01,96.9250
2026-04-22,2028-02,96.9100
2026-04-23,2026-10,96.4000
2026-04-23,2026-11,96.4050
2026-04-23,2026-12,96.4200
2026-04-23,2027-01,96.4200
2026-04-23,2027-02,96.4200
2026-04-23,2027-03,96.4200
2026-04-23,2027-04,96.4200
2026-04-23,2027-05,96.4200
2026-04-23,2027-06,96.4400
2026-04-23,2027-07,96.4450
2026-04-23,2027-08,96.4650
2026-04-23,2027-09,96.4900
2026-04-23,2027-10,96.5200
2026-04-23,2027-11,96.5400
2026-04-23,2027-12,96.7050
2026-04-23,2028-01,96.8700
2026-04-23,2028-02,96.8550
2026-04-24,2026-10,96.4300
2026-04-24,2026-11,96.4450
2026-04-24,2026-12,96.4650
2026-04-24,2027-01,96.4700
2026-04-24,2027-02,96.4700
2026-04-24,2027-03,96.4750
2026-04-24,2027-04,96.4800
2026-04-24,2027-05,96.4750
2026-04-24,2027-06,96.4950
2026-04-24,2027-07,96.5050
2026-04-24,2027-08,96.5200
2026-04-24,2027-09,96.5450
2026-04-24,2027-10,96.5750
2026-04-24,2027-11,96.5950
2026-04-24,2027-12,96.7600
2026-04-24,2028-01,96.9250
2026-04-24,2028-02,96.9100
2026-04-27,2026-10,96.4150
2026-04-27,2026-11,96.4200
2026-04-27,2026-12,96.4400
2026-04-27,2027-01,96.4450
2026-04-27,2027-02,96.4450
2026-04-27,2027-03,96.4450
2026-04-27,2027-04,96.4500
2026-04-27,2027-05,96.4450
2026-04-27,2027-06,96.4650
2026-04-27,2027-07,96.4750
2026-04-27,2027-08,96.4900
2026-04-27,2027-09,96.5150
2026-04-27,2027-10,96.5450
2026-04-27,2027-11,96.5650
2026-04-27,2027-12,96.7300
2026-04-27,2028-01,96.8950
2026-04-27,2028-02,96.8800
2026-04-28,2026-10,96.4000
2026-04-28,2026-11,96.4000
2026-04-28,2026-12,96.4100
2026-04-28,2027-01,96.4100
2026-04-28,2027-02,96.4000
2026-04-28,2027-03,96.4000
2026-04-28,2027-04,96.3950
2026-04-28,2027-05,96.3850
2026-04-28,2027-06,96.4000
2026-04-28,2027-07,96.4100
2026-04-28,2027-08,96.4250
2026-04-28,2027-09,96.4500
2026-04-28,2027-10,96.4800
2026-04-28,2027-11,96.5000
2026-04-28,2027-12,96.6650
2026-04-28,2028-01,96.8300
2026-04-28,2028-02,96.8150
2026-04-29,2026-10,96.3600
2026-04-29,2026-11,96.3500
2026-04-29,2026-12,96.3400
2026-04-29,2027-01,96.3300
2026-04-29,2027-02,96.3000
2026-04-29,2027-03,96.2850
2026-04-29,2027-04,96.2650
2026-04-29,2027-05,96.2400
2026-04-29,2027-06,96.2500
2026-04-29,2027-07,96.2550
2026-04-29,2027-08,96.2700
2026-04-29,2027-09,96.2950
2026-04-29,2027-10,96.3250
2026-04-29,2027-11,96.3500
2026-04-29,2027-12,96.5150
2026-04-29,2028-01,96.4400
2026-04-29,2028-02,96.4250
2026-04-30,2026-10,96.4000
2026-04-30,2026-11,96.4000
2026-04-30,2026-12,96.3900
2026-04-30,2027-01,96.3800
2026-04-30,2027-02,96.3550
2026-04-30,2027-03,96.3400
2026-04-30,2027-04,96.3250
2026-04-30,2027-05,96.3050
2026-04-30,2027-06,96.3150
2026-04-30,2027-07,96.3200
2026-04-30,2027-08,96.3400
2026-04-30,2027-09,96.3650
2026-04-30,2027-10,96.3950
2026-04-30,2027-11,96.4200
2026-04-30,2027-12,96.5850
2026-04-30,2028-01,96.5000
2026-04-30,2028-02,96.4850
2026-05-01,2026-10,96.3950
2026-05-01,2026-11,96.3900
2026-05-01,2026-12,96.3750
2026-05-01,2027-01,96.3650
2026-05-01,2027-02,96.3450
2026-05-01,2027-03,96.3300
2026-05-01,2027-04,96.3150
2026-05-01,2027-05,96.3000
2026-05-01,2027-06,96.3100
2026-05-01,2027-07,96.3150
2026-05-01,2027-08,96.3350
2026-05-01,2027-09,96.3600
2026-05-01,2027-10,96.3900
2026-05-01,2027-11,96.4150
2026-05-01,2027-12,96.5800
2026-05-01,2028-01,96.4950
2026-05-01,2028-02,96.4800
2026-05-04,2026-10,96.3650
2026-05-04,2026-11,96.3300
2026-05-04,2026-12,96.2950
2026-05-04,2027-01,96.2750
2026-05-04,2027-02,96.2400
2026-05-04,2027-03,96.2250
2026-05-04,2027-04,96.2050
2026-05-04,2027-05,96.1900
2026-05-04,2027-06,96.2000
2026-05-04,2027-07,96.2050
2026-05-04,2027-08,96.2250
2026-05-04,2027-09,96.2500
2026-05-04,2027-10,96.2800
2026-05-04,2027-11,96.3050
2026-05-04,2027-12,96.4700
2026-05-04,2028-01,96.3850
2026-05-04,2028-02,96.3700
2026-05-05,2026-10,96.3800
2026-05-05,2026-11,96.3400
2026-05-05,2026-12,96.3050
2026-05-05,2027-01,96.2950
2026-05-05,2027-02,96.2650
2026-05-05,2027-03,96.2500
2026-05-05,2027-04,96.2300
2026-05-05,2027-05,96.2150
2026-05-05,2027-06,96.2250
2026-05-05,2027-07,96.2300
2026-05-05,2027-08,96.2500
2026-05-05,2027-09,96.2750
2026-05-05,2027-10,96.3050
2026-05-05,2027-11,96.3300
2026-05-05,2027-12,96.4950
2026-05-05,2028-01,96.4100
2026-05-05,2028-02,96.3950
2026-05-06,2026-10,96.4000
2026-05-06,2026-11,96.3800
2026-05-06,2026-12,96.3550
2026-05-06,2027-01,96.3500
2026-05-06,2027-02,96.3400
2026-05-06,2027-03,96.3250
2026-05-06,2027-04,96.3150
2026-05-06,2027-05,96.3050
2026-05-06,2027-06,96.3150
2026-05-06,2027-07,96.3250
2026-05-06,2027-08,96.3450
2026-05-06,2027-09,96.3700
2026-05-06,2027-10,96.4000
2026-05-06,2027-11,96.4200
2026-05-06,2027-12,96.5000
2026-05-06,2028-01,96.4150
2026-05-06,2028-02,96.4000
2026-05-07,2026-10,96.3800
2026-05-07,2026-11,96.3550
2026-05-07,2026-12,96.3300
2026-05-07,2027-01,96.3200
2026-05-07,2027-02,96.3000
2026-05-07,2027-03,96.2800
2026-05-07,2027-04,96.2600
2026-05-07,2027-05,96.2450
2026-05-07,2027-06,96.2550
2026-05-07,2027-07,96.2600
2026-05-07,2027-08,96.2750
2026-05-07,2027-09,96.3000
2026-05-07,2027-10,96.3300
2026-05-07,2027-11,96.3450
2026-05-07,2027-12,96.4250
2026-05-07,2028-01,96.3400
2026-05-07,2028-02,96.3250
2026-05-08,2026-10,96.3950
2026-05-08,2026-11,96.3800
2026-05-08,2026-12,96.3600
2026-05-08,2027-01,96.3550
2026-05-08,2027-02,96.3400
2026-05-08,2027-03,96.3250
2026-05-08,2027-04,96.3050
2026-05-08,2027-05,96.2900
2026-05-08,2027-06,96.3000
2026-05-08,2027-07,96.3050
2026-05-08,2027-08,96.3200
2026-05-08,2027-09,96.3450
2026-05-08,2027-10,96.3650
2026-05-08,2027-11,96.3800
2026-05-08,2027-12,96.4600
2026-05-08,2028-01,96.3750
2026-05-08,2028-02,96.3600
2026-05-11,2026-10,96.3650
2026-05-11,2026-11,96.3450
2026-05-11,2026-12,96.3200
2026-05-11,2027-01,96.3100
2026-05-11,2027-02,96.2900
2026-05-11,2027-03,96.2700
2026-05-11,2027-04,96.2500
2026-05-11,2027-05,96.2350
2026-05-11,2027-06,96.2400
2026-05-11,2027-07,96.2400
2026-05-11,2027-08,96.2500
2026-05-11,2027-09,96.2750
2026-05-11,2027-10,96.2950
2026-05-11,2027-11,96.3100
2026-05-11,2027-12,96.3900
2026-05-11,2028-01,96.3500
2026-05-11,2028-02,96.3350
2026-05-12,2026-10,96.3550
2026-05-12,2026-11,96.3200
2026-05-12,2026-12,96.2800
2026-05-12,2027-01,96.2650
2026-05-12,2027-02,96.2350
2026-05-12,2027-03,96.2100
2026-05-12,2027-04,96.1800
2026-05-12,2027-05,96.1550
2026-05-12,2027-06,96.1550
2026-05-12,2027-07,96.1550
2026-05-12,2027-08,96.1650
2026-05-12,2027-09,96.1900
2026-05-12,2027-10,96.2100
2026-05-12,2027-11,96.2250
2026-05-12,2027-12,96.3050
2026-05-12,2028-01,96.2650
2026-05-12,2028-02,96.2500
2026-05-13,2026-10,96.3450
2026-05-13,2026-11,96.3150
2026-05-13,2026-12,96.2800
2026-05-13,2027-01,96.2700
2026-05-13,2027-02,96.2450
2026-05-13,2027-03,96.2200
2026-05-13,2027-04,96.1950
2026-05-13,2027-05,96.1700
2026-05-13,2027-06,96.1700
2026-05-13,2027-07,96.1700
2026-05-13,2027-08,96.1800
2026-05-13,2027-09,96.2050
2026-05-13,2027-10,96.2200
2026-05-13,2027-11,96.2350
2026-05-13,2027-12,96.3000
2026-05-13,2028-01,96.2600
2026-05-13,2028-02,96.2450
2026-05-14,2026-10,96.3400
2026-05-14,2026-11,96.3100
2026-05-14,2026-12,96.2700
2026-05-14,2027-01,96.2550
2026-05-14,2027-02,96.2350
2026-05-14,2027-03,96.2150
2026-05-14,2027-04,96.1900
2026-05-14,2027-05,96.1650
2026-05-14,2027-06,96.1650
2026-05-14,2027-07,96.1700
2026-05-14,2027-08,96.1750
2026-05-14,2027-09,96.1950
2026-05-14,2027-10,96.2100
2026-05-14,2027-11,96.2250
2026-05-14,2027-12,96.2900
2026-05-14,2028-01,96.2500
2026-05-14,2028-02,96.2350
2026-05-15,2026-10,96.3250
2026-05-15,2026-11,96.2850
2026-05-15,2026-12,96.2300
2026-05-15,2027-01,96.2100
2026-05-15,2027-02,96.1700
2026-05-15,2027-03,96.1350
2026-05-15,2027-04,96.0950
2026-05-15,2027-05,96.0550
2026-05-15,2027-06,96.0450
2026-05-15,2027-07,96.0400
2026-05-15,2027-08,96.0350
2026-05-15,2027-09,96.0550
2026-05-15,2027-10,96.0700
2026-05-15,2027-11,96.0750
2026-05-15,2027-12,96.1400
2026-05-15,2028-01,96.1000
2026-05-15,2028-02,96.0850
2026-05-18,2026-10,96.3100
2026-05-18,2026-11,96.2750
2026-05-18,2026-12,96.2200
2026-05-18,2027-01,96.2000
2026-05-18,2027-02,96.1600
2026-05-18,2027-03,96.1250
2026-05-18,2027-04,96.0850
2026-05-18,2027-05,96.0450
2026-05-18,2027-06,96.0350
2026-05-18,2027-07,96.0300
2026-05-18,2027-08,96.0200
2026-05-18,2027-09,96.0400
2026-05-18,2027-10,96.0550
2026-05-18,2027-11,96.0600
2026-05-18,2027-12,96.1250
2026-05-18,2028-01,96.0850
2026-05-18,2028-02,96.0700
2026-05-19,2026-10,96.2800
2026-05-19,2026-11,96.2400
2026-05-19,2026-12,96.1800
2026-05-19,2027-01,96.1550
2026-05-19,2027-02,96.1100
2026-05-19,2027-03,96.0750
2026-05-19,2027-04,96.0350
2026-05-19,2027-05,95.9950
2026-05-19,2027-06,95.9900
2026-05-19,2027-07,95.9850
2026-05-19,2027-08,95.9750
2026-05-19,2027-09,95.9950
2026-05-19,2027-10,96.0100
2026-05-19,2027-11,96.0150
2026-05-19,2027-12,96.0800
2026-05-19,2028-01,96.0400
2026-05-19,2028-02,96.0250
2026-05-20,2026-10,96.3100
2026-05-20,2026-11,96.2850
2026-05-20,2026-12,96.2400
2026-05-20,2027-01,96.2200
2026-05-20,2027-02,96.1850
2026-05-20,2027-03,96.1600
2026-05-20,2027-04,96.1300
2026-05-20,2027-05,96.1000
2026-05-20,2027-06,96.1000
2026-05-20,2027-07,96.0950
2026-05-20,2027-08,96.0900
2026-05-20,2027-09,96.1100
2026-05-20,2027-10,96.1250
2026-05-20,2027-11,96.1300
2026-05-20,2027-12,96.1950
2026-05-20,2028-01,96.1550
2026-05-20,2028-02,96.1400
2026-05-21,2026-10,96.2700
2026-05-21,2026-11,96.2350
2026-05-21,2026-12,96.1850
2026-05-21,2027-01,96.1650
2026-05-21,2027-02,96.1300
2026-05-21,2027-03,96.1050
2026-05-21,2027-04,96.0700
2026-05-21,2027-05,96.0400
2026-05-21,2027-06,96.0400
2026-05-21,2027-07,96.0350
2026-05-21,2027-08,96.0300
2026-05-21,2027-09,96.0500
2026-05-21,2027-10,96.0650
2026-05-21,2027-11,96.0700
2026-05-21,2027-12,96.1350
2026-05-21,2028-01,96.0950
2026-05-21,2028-02,96.0800
2026-05-22,2026-10,96.2550
2026-05-22,2026-11,96.2100
2026-05-22,2026-12,96.1500
2026-05-22,2027-01,96.1200
2026-05-22,2027-02,96.0800
2026-05-22,2027-03,96.0500
2026-05-22,2027-04,96.0150
2026-05-22,2027-05,95.9850
2026-05-22,2027-06,95.9850
2026-05-22,2027-07,95.9850
2026-05-22,2027-08,95.9900
2026-05-22,2027-09,96.0100
2026-05-22,2027-10,96.0250
2026-05-22,2027-11,96.0300
2026-05-22,2027-12,96.0950
2026-05-22,2028-01,96.0550
2026-05-22,2028-02,96.0400
2026-05-26,2026-10,96.2900
2026-05-26,2026-11,96.2650
2026-05-26,2026-12,96.2200
2026-05-26,2027-01,96.2000
2026-05-26,2027-02,96.1700
2026-05-26,2027-03,96.1450
2026-05-26,2027-04,96.1150
2026-05-26,2027-05,96.0900
2026-05-26,2027-06,96.0900
2026-05-26,2027-07,96.0900
2026-05-26,2027-08,96.0950
2026-05-26,2027-09,96.1150
2026-05-26,2027-10,96.1300
2026-05-26,2027-11,96.1350
2026-05-26,2027-12,96.2000
2026-05-26,2028-01,96.1600
2026-05-26,2028-02,96.1450
2026-05-27,2026-10,96.3000
2026-05-27,2026-11,96.2800
2026-05-27,2026-12,96.2350
2026-05-27,2027-01,96.2150
2026-05-27,2027-02,96.1900
2026-05-27,2027-03,96.1650
2026-05-27,2027-04,96.1350
2026-05-27,2027-05,96.1100
2026-05-27,2027-06,96.1100
2026-05-27,2027-07,96.1100
2026-05-27,2027-08,96.1150
2026-05-27,2027-09,96.1350
2026-05-27,2027-10,96.1500
2026-05-27,2027-11,96.1550
2026-05-27,2027-12,96.2200
2026-05-27,2028-01,96.1800
2026-05-27,2028-02,96.1650
2026-05-28,2026-10,96.3050
2026-05-28,2026-11,96.2850
2026-05-28,2026-12,96.2400
2026-05-28,2027-01,96.2200
2026-05-28,2027-02,96.2000
2026-05-28,2027-03,96.1750
2026-05-28,2027-04,96.1450
2026-05-28,2027-05,96.1250
2026-05-28,2027-06,96.1250
2026-05-28,2027-07,96.1250
2026-05-28,2027-08,96.1250
2026-05-28,2027-09,96.1450
2026-05-28,2027-10,96.1600
2026-05-28,2027-11,96.1650
2026-05-28,2027-12,96.2000
2026-05-28,2028-01,96.1600
2026-05-28,2028-02,96.1450
2026-05-29,2026-10,96.3150
2026-05-29,2026-11,96.2950
2026-05-29,2026-12,96.2500
2026-05-29,2027-01,96.2300
2026-05-29,2027-02,96.2050
2026-05-29,2027-03,96.1800
2026-05-29,2027-04,96.1550
2026-05-29,2027-05,96.1350
2026-05-29,2027-06,96.1350
2026-05-29,2027-07,96.1350
2026-05-29,2027-08,96.1350
2026-05-29,2027-09,96.1550
2026-05-29,2027-10,96.1700
2026-05-29,2027-11,96.1750
2026-05-29,2027-12,96.2000
2026-05-29,2028-01,96.1600
2026-05-29,2028-02,96.1450
2026-06-01,2026-10,96.3050
2026-06-01,2026-11,96.2700
2026-06-01,2026-12,96.2150
2026-06-01,2027-01,96.1950
2026-06-01,2027-02,96.1650
2026-06-01,2027-03,96.1350
2026-06-01,2027-04,96.1000
2026-06-01,2027-05,96.0750
2026-06-01,2027-06,96.0750
2026-06-01,2027-07,96.0750
2026-06-01,2027-08,96.0750
2026-06-01,2027-09,96.0950
2026-06-01,2027-10,96.1100
2026-06-01,2027-11,96.1150
2026-06-01,2027-12,96.1400
2026-06-01,2028-01,96.1000
2026-06-01,2028-02,96.0850
2026-06-02,2026-10,96.3100
2026-06-02,2026-11,96.2750
2026-06-02,2026-12,96.2200
2026-06-02,2027-01,96.1950
2026-06-02,2027-02,96.1650
2026-06-02,2027-03,96.1350
2026-06-02,2027-04,96.1000
2026-06-02,2027-05,96.0750
2026-06-02,2027-06,96.0750
2026-06-02,2027-07,96.0750
2026-06-02,2027-08,96.0750
2026-06-02,2027-09,96.0950
2026-06-02,2027-10,96.1100
2026-06-02,2027-11,96.1150
2026-06-02,2027-12,96.1400
2026-06-02,2028-01,96.1000
2026-06-02,2028-02,96.0850
2026-06-03,2026-10,96.2950
2026-06-03,2026-11,96.2600
2026-06-03,2026-12,96.2000
2026-06-03,2027-01,96.1750
2026-06-03,2027-02,96.1350
2026-06-03,2027-03,96.1050
2026-06-03,2027-04,96.0650
2026-06-03,2027-05,96.0300
2026-06-03,2027-06,96.0250
2026-06-03,2027-07,96.0250
2026-06-03,2027-08,96.0250
2026-06-03,2027-09,96.0450
2026-06-03,2027-10,96.0600
2026-06-03,2027-11,96.0650
2026-06-03,2027-12,96.0900
2026-06-03,2028-01,96.0900
2026-06-03,2028-02,96.0750
2026-06-04,2026-10,96.3100
2026-06-04,2026-11,96.2800
2026-06-04,2026-12,96.2300
2026-06-04,2027-01,96.2100
2026-06-04,2027-02,96.1750
2026-06-04,2027-03,96.1450
2026-06-04,2027-04,96.1100
2026-06-04,2027-05,96.0800
2026-06-04,2027-06,96.0750
2026-06-04,2027-07,96.0750
2026-06-04,2027-08,96.0750
2026-06-04,2027-09,96.0950
2026-06-04,2027-10,96.1050
2026-06-04,2027-11,96.1100
2026-06-04,2027-12,96.1350
2026-06-04,2028-01,96.1350
2026-06-04,2028-02,96.1200
2026-06-05,2026-10,96.2650
2026-06-05,2026-11,96.2150
2026-06-05,2026-12,96.1400
2026-06-05,2027-01,96.1050
2026-06-05,2027-02,96.0550
2026-06-05,2027-03,96.0200
2026-06-05,2027-04,95.9750
2026-06-05,2027-05,95.9400
2026-06-05,2027-06,95.9300
2026-06-05,2027-07,95.9300
2026-06-05,2027-08,95.9300
2026-06-05,2027-09,95.9500
2026-06-05,2027-10,95.9600
2026-06-05,2027-11,95.9650
2026-06-05,2027-12,95.9900
2026-06-05,2028-01,95.9900
2026-06-05,2028-02,95.9750
2026-06-08,2026-10,96.2550
2026-06-08,2026-11,96.2050
2026-06-08,2026-12,96.1300
2026-06-08,2027-01,96.1000
2026-06-08,2027-02,96.0550
2026-06-08,2027-03,96.0250
2026-06-08,2027-04,95.9850
2026-06-08,2027-05,95.9550
2026-06-08,2027-06,95.9450
2026-06-08,2027-07,95.9450
2026-06-08,2027-08,95.9450
2026-06-08,2027-09,95.9650
2026-06-08,2027-10,95.9750
2026-06-08,2027-11,95.9800
2026-06-08,2027-12,96.0050
2026-06-08,2028-01,96.0050
2026-06-08,2028-02,95.9900
2026-06-09,2026-10,96.2650
2026-06-09,2026-11,96.2200
2026-06-09,2026-12,96.1500
2026-06-09,2027-01,96.1200
2026-06-09,2027-02,96.0800
2026-06-09,2027-03,96.0500
2026-06-09,2027-04,96.0150
2026-06-09,2027-05,95.9850
2026-06-09,2027-06,95.9800
2026-06-09,2027-07,95.9800
2026-06-09,2027-08,95.9800
2026-06-09,2027-09,96.0000
2026-06-09,2027-10,96.0100
2026-06-09,2027-11,96.0150
2026-06-09,2027-12,96.0400
2026-06-09,2028-01,96.0400
2026-06-09,2028-02,96.0250
2026-06-10,2026-10,96.2700
2026-06-10,2026-11,96.2250
2026-06-10,2026-12,96.1600
2026-06-10,2027-01,96.1300
2026-06-10,2027-02,96.0900
2026-06-10,2027-03,96.0550
2026-06-10,2027-04,96.0150
2026-06-10,2027-05,95.9850
2026-06-10,2027-06,95.9800
2026-06-10,2027-07,95.9800
2026-06-10,2027-08,95.9800
2026-06-10,2027-09,96.0000
2026-06-10,2027-10,96.0100
2026-06-10,2027-11,96.0150
2026-06-10,2027-12,96.0400
2026-06-10,2028-01,96.0400
2026-06-10,2028-02,96.0250
2026-06-11,2026-10,96.2900
2026-06-11,2026-11,96.2600
2026-06-11,2026-12,96.2050
2026-06-11,2027-01,96.1800
2026-06-11,2027-02,96.1450
2026-06-11,2027-03,96.1150
2026-06-11,2027-04,96.0800
2026-06-11,2027-05,96.0550
2026-06-11,2027-06,96.0500
2026-06-11,2027-07,96.0500
2026-06-11,2027-08,96.0500
2026-06-11,2027-09,96.0700
2026-06-11,2027-10,96.0800
2026-06-11,2027-11,96.0850
2026-06-11,2027-12,96.1100
2026-06-11,2028-01,96.1100
2026-06-11,2028-02,96.0950
2026-06-12,2026-10,96.3000
2026-06-12,2026-11,96.2650
2026-06-12,2026-12,96.2000
2026-06-12,2027-01,96.1700
2026-06-12,2027-02,96.1300
2026-06-12,2027-03,96.1050
2026-06-12,2027-04,96.0700
2026-06-12,2027-05,96.0400
2026-06-12,2027-06,96.0350
2026-06-12,2027-07,96.0350
2026-06-12,2027-08,96.0400
2026-06-12,2027-09,96.0600
2026-06-12,2027-10,96.0700
2026-06-12,2027-11,96.0750
2026-06-12,2027-12,96.0950
2026-06-12,2028-01,96.0950
2026-06-12,2028-02,96.0800
2026-06-15,2026-10,96.2950
2026-06-15,2026-11,96.2650
2026-06-15,2026-12,96.2050
2026-06-15,2027-01,96.1800
2026-06-15,2027-02,96.1450
2026-06-15,2027-03,96.1200
2026-06-15,2027-04,96.0950
2026-06-15,2027-05,96.0750
2026-06-15,2027-06,96.0700
2026-06-15,2027-07,96.0700
2026-06-15,2027-08,96.0750
2026-06-15,2027-09,96.0950
2026-06-15,2027-10,96.1050
2026-06-15,2027-11,96.1100
2026-06-15,2027-12,96.1300
2026-06-15,2028-01,96.1300
2026-06-15,2028-02,96.1150
2026-06-16,2026-10,96.2900
2026-06-16,2026-11,96.2600
2026-06-16,2026-12,96.1950
2026-06-16,2027-01,96.1700
2026-06-16,2027-02,96.1400
2026-06-16,2027-03,96.1200
2026-06-16,2027-04,96.1000
2026-06-16,2027-05,96.0850
2026-06-16,2027-06,96.0900
2026-06-16,2027-07,96.0950
2026-06-16,2027-08,96.1050
2026-06-16,2027-09,96.1200
2026-06-16,2027-10,96.1300
2026-06-16,2027-11,96.1350
2026-06-16,2027-12,96.1550
2026-06-16,2028-01,96.1550
2026-06-16,2028-02,96.1400
2026-06-17,2026-10,96.2000
2026-06-17,2026-11,96.1550
2026-06-17,2026-12,96.0700
2026-06-17,2027-01,96.0350
2026-06-17,2027-02,96.0000
2026-06-17,2027-03,95.9750
2026-06-17,2027-04,95.9500
2026-06-17,2027-05,95.9400
2026-06-17,2027-06,95.9500
2026-06-17,2027-07,95.9550
2026-06-17,2027-08,95.9750
2026-06-17,2027-09,95.9900
2026-06-17,2027-10,96.0000
2026-06-17,2027-11,96.0150
2026-06-17,2027-12,96.0350
2026-06-17,2028-01,96.0350
2026-06-17,2028-02,96.0200
2026-06-18,2026-10,96.1400
2026-06-18,2026-11,96.0800
2026-06-18,2026-12,96.0100
2026-06-18,2027-01,95.9750
2026-06-18,2027-02,95.9400
2026-06-18,2027-03,95.9200
2026-06-18,2027-04,95.9000
2026-06-18,2027-05,95.9000
2026-06-18,2027-06,95.9150
2026-06-18,2027-07,95.9250
2026-06-18,2027-08,95.9550
2026-06-18,2027-09,95.9700
2026-06-18,2027-10,95.9850
2026-06-18,2027-11,96.0150
2026-06-18,2027-12,96.0350
2026-06-18,2028-01,96.0350
2026-06-18,2028-02,96.0200
2026-06-22,2026-10,96.1200
2026-06-22,2026-11,96.0500
2026-06-22,2026-12,95.9800
2026-06-22,2027-01,95.9450
2026-06-22,2027-02,95.9050
2026-06-22,2027-03,95.8850
2026-06-22,2027-04,95.8600
2026-06-22,2027-05,95.8500
2026-06-22,2027-06,95.8600
2026-06-22,2027-07,95.8700
2026-06-22,2027-08,95.8950
2026-06-22,2027-09,95.9100
2026-06-22,2027-10,95.9250
2026-06-22,2027-11,95.9550
2026-06-22,2027-12,95.9750
2026-06-22,2028-01,95.9750
2026-06-22,2028-02,95.9600
2026-06-23,2026-10,96.1350
2026-06-23,2026-11,96.0800
2026-06-23,2026-12,96.0150
2026-06-23,2027-01,95.9850
2026-06-23,2027-02,95.9550
2026-06-23,2027-03,95.9350
2026-06-23,2027-04,95.9150
2026-06-23,2027-05,95.9050
2026-06-23,2027-06,95.9150
2026-06-23,2027-07,95.9250
2026-06-23,2027-08,95.9450
2026-06-23,2027-09,95.9600
2026-06-23,2027-10,95.9750
2026-06-23,2027-11,96.0050
2026-06-23,2027-12,96.0250
2026-06-23,2028-01,96.0250
2026-06-23,2028-02,96.0100
2026-06-24,2026-10,96.1550
2026-06-24,2026-11,96.1050
2026-06-24,2026-12,96.0500
2026-06-24,2027-01,96.0250
2026-06-24,2027-02,96.0000
2026-06-24,2027-03,95.9850
2026-06-24,2027-04,95.9700
2026-06-24,2027-05,95.9650
2026-06-24,2027-06,95.9800
2026-06-24,2027-07,95.9900
2026-06-24,2027-08,96.0150
2026-06-24,2027-09,96.0300
2026-06-24,2027-10,96.0550
2026-06-24,2027-11,96.0850
2026-06-24,2027-12,96.1050
2026-06-24,2028-01,96.1050
2026-06-24,2028-02,96.0900
2026-06-25,2026-10,96.1700
2026-06-25,2026-11,96.1200
2026-06-25,2026-12,96.0600
2026-06-25,2027-01,96.0350
2026-06-25,2027-02,96.0150
2026-06-25,2027-03,96.0000
2026-06-25,2027-04,95.9850
2026-06-25,2027-05,95.9900
2026-06-25,2027-06,96.0100
2026-06-25,2027-07,96.0200
2026-06-25,2027-08,96.0450
2026-06-25,2027-09,96.0600
2026-06-25,2027-10,96.0850
2026-06-25,2027-11,96.1150
2026-06-25,2027-12,96.1350
2026-06-25,2028-01,96.1350
2026-06-25,2028-02,96.1200
2026-06-26,2026-10,96.1850
2026-06-26,2026-11,96.1400
2026-06-26,2026-12,96.0850
2026-06-26,2027-01,96.0650
2026-06-26,2027-02,96.0500
2026-06-26,2027-03,96.0350
2026-06-26,2027-04,96.0200
2026-06-26,2027-05,96.0250
2026-06-26,2027-06,96.0450
2026-06-26,2027-07,96.0550
2026-06-26,2027-08,96.0800
2026-06-26,2027-09,96.0950
2026-06-26,2027-10,96.1200
2026-06-26,2027-11,96.1500
2026-06-26,2027-12,96.1700
2026-06-26,2028-01,96.1700
2026-06-26,2028-02,96.1550
2026-06-29,2026-10,96.1750
2026-06-29,2026-11,96.1250
2026-06-29,2026-12,96.0650
2026-06-29,2027-01,96.0400
2026-06-29,2027-02,96.0200
2026-06-29,2027-03,96.0050
2026-06-29,2027-04,95.9900
2026-06-29,2027-05,95.9950
2026-06-29,2027-06,96.0150
2026-06-29,2027-07,96.0250
2026-06-29,2027-08,96.0550
2026-06-29,2027-09,96.0700
2026-06-29,2027-10,96.0950
2026-06-29,2027-11,96.1250
2026-06-29,2027-12,96.1450
2026-06-29,2028-01,96.1450
2026-06-29,2028-02,96.1300
2026-06-30,2026-10,96.1550
2026-06-30,2026-11,96.1050
2026-06-30,2026-12,96.0400
2026-06-30,2027-01,96.0150
2026-06-30,2027-02,95.9950
2026-06-30,2027-03,95.9750
2026-06-30,2027-04,95.9550
2026-06-30,2027-05,95.9600
2026-06-30,2027-06,95.9800
2026-06-30,2027-07,95.9900
2026-06-30,2027-08,96.0200
2026-06-30,2027-09,96.0350
2026-06-30,2027-10,96.0600
2026-06-30,2027-11,96.0900
2026-06-30,2027-12,96.1100
2026-06-30,2028-01,96.1100
2026-06-30,2028-02,96.0950
2026-07-01,2026-10,96.1700
2026-07-01,2026-11,96.1150
2026-07-01,2026-12,96.0450
2026-07-01,2027-01,96.0150
2026-07-01,2027-02,95.9850
2026-07-01,2027-03,95.9650
2026-07-01,2027-04,95.9400
2026-07-01,2027-05,95.9350
2026-07-01,2027-06,95.9500
2026-07-01,2027-07,95.9600
2026-07-01,2027-08,95.9900
2026-07-01,2027-09,96.0050
2026-07-01,2027-10,96.0300
2026-07-01,2027-11,96.0600
2026-07-01,2027-12,96.0800
2026-07-01,2028-01,96.0800
2026-07-01,2028-02,96.0650
2026-07-02,2026-10,96.2100
2026-07-02,2026-11,96.1600
2026-07-02,2026-12,96.0900
2026-07-02,2027-01,96.0600
2026-07-02,2027-02,96.0300
2026-07-02,2027-03,96.0100
2026-07-02,2027-04,95.9850
2026-07-02,2027-05,95.9800
2026-07-02,2027-06,95.9900
2026-07-02,2027-07,96.0000
2026-07-02,2027-08,96.0300
2026-07-02,2027-09,96.0450
2026-07-02,2027-10,96.0650
2026-07-02,2027-11,96.0950
2026-07-02,2027-12,96.1150
2026-07-02,2028-01,96.1150
2026-07-02,2028-02,96.1000
2026-07-06,2026-10,96.1950
2026-07-06,2026-11,96.1550
2026-07-06,2026-12,96.0950
2026-07-06,2027-01,96.0700
2026-07-06,2027-02,96.0450
2026-07-06,2027-03,96.0250
2026-07-06,2027-04,96.0000
2026-07-06,2027-05,95.9950
2026-07-06,2027-06,96.0100
2026-07-06,2027-07,96.0200
2026-07-06,2027-08,96.0500
2026-07-06,2027-09,96.0650
2026-07-06,2027-10,96.0850
2026-07-06,2027-11,96.1100
2026-07-06,2027-12,96.1300
2026-07-06,2028-01,96.1300
2026-07-06,2028-02,96.1150
2026-07-07,2026-10,96.1800
2026-07-07,2026-11,96.1350
2026-07-07,2026-12,96.0700
2026-07-07,2027-01,96.0400
2026-07-07,2027-02,96.0100
2026-07-07,2027-03,95.9850
2026-07-07,2027-04,95.9600
2026-07-07,2027-05,95.9550
2026-07-07,2027-06,95.9650
2026-07-07,2027-07,95.9750
2026-07-07,2027-08,96.0000
2026-07-07,2027-09,96.0150
2026-07-07,2027-10,96.0350
2026-07-07,2027-11,96.0600
2026-07-07,2027-12,96.0800
2026-07-07,2028-01,96.0800
2026-07-07,2028-02,96.0650
2026-07-08,2026-10,96.1600
2026-07-08,2026-11,96.1050
2026-07-08,2026-12,96.0350
2026-07-08,2027-01,96.0050
2026-07-08,2027-02,95.9750
2026-07-08,2027-03,95.9500
2026-07-08,2027-04,95.9250
2026-07-08,2027-05,95.9150
2026-07-08,2027-06,95.9250
2026-07-08,2027-07,95.9350
2026-07-08,2027-08,95.9600
2026-07-08,2027-09,95.9750
2026-07-08,2027-10,95.9950
2026-07-08,2027-11,96.0200
2026-07-08,2027-12,96.0400
2026-07-08,2028-01,96.0400
2026-07-08,2028-02,96.0250
2026-07-09,2026-10,96.1850
2026-07-09,2026-11,96.1400
2026-07-09,2026-12,96.0750
2026-07-09,2027-01,96.0400
2026-07-09,2027-02,96.0100
2026-07-09,2027-03,95.9900
2026-07-09,2027-04,95.9650
2026-07-09,2027-05,95.9550
2026-07-09,2027-06,95.9650
2026-07-09,2027-07,95.9750
2026-07-09,2027-08,95.9950
2026-07-09,2027-09,96.0100
2026-07-09,2027-10,96.0300
2026-07-09,2027-11,96.0550
2026-07-09,2027-12,96.0750
2026-07-09,2028-01,96.0750
2026-07-09,2028-02,96.0600
2026-07-10,2026-10,96.1500
2026-07-10,2026-11,96.1000
2026-07-10,2026-12,96.0300
2026-07-10,2027-01,96.0000
2026-07-10,2027-02,95.9700
2026-07-10,2027-03,95.9450
2026-07-10,2027-04,95.9150
2026-07-10,2027-05,95.9050
2026-07-10,2027-06,95.9150
2026-07-10,2027-07,95.9250
2026-07-10,2027-08,95.9450
2026-07-10,2027-09,95.9600
2026-07-10,2027-10,95.9800
2026-07-10,2027-11,96.0050
2026-07-10,2027-12,96.0250
2026-07-10,2028-01,96.0250
2026-07-10,2028-02,96.0500
2026-07-13,2026-10,96.1200
2026-07-13,2026-11,96.0550
2026-07-13,2026-12,95.9850
2026-07-13,2027-01,95.9500
2026-07-13,2027-02,95.9100
2026-07-13,2027-03,95.8850
2026-07-13,2027-04,95.8550
2026-07-13,2027-05,95.8400
2026-07-13,2027-06,95.8500
2026-07-13,2027-07,95.8600
2026-07-13,2027-08,95.8800
2026-07-13,2027-09,95.8950
2026-07-13,2027-10,95.9150
2026-07-13,2027-11,95.9400
2026-07-13,2027-12,95.9600
2026-07-13,2028-01,95.9600
2026-07-13,2028-02,95.9900
2026-07-14,2026-10,96.2050
2026-07-14,2026-11,96.1600
2026-07-14,2026-12,96.0950
2026-07-14,2027-01,96.0650
2026-07-14,2027-02,96.0300
2026-07-14,2027-03,96.0000
2026-07-14,2027-04,95.9650
2026-07-14,2027-05,95.9450
2026-07-14,2027-06,95.9450
2026-07-14,2027-07,95.9500
2026-07-14,2027-08,95.9600
2026-07-14,2027-09,95.9700
2026-07-14,2027-10,95.9850
2026-07-14,2027-11,96.0050
2026-07-14,2027-12,96.0250
2026-07-14,2028-01,96.0250
2026-07-14,2028-02,96.0550
2026-07-15,2026-10,96.2350
2026-07-15,2026-11,96.1950
2026-07-15,2026-12,96.1400
2026-07-15,2027-01,96.1150
2026-07-15,2027-02,96.0850
2026-07-15,2027-03,96.0650
2026-07-15,2027-04,96.0350
2026-07-15,2027-05,96.0150
2026-07-15,2027-06,96.0200
2026-07-15,2027-07,96.0250
2026-07-15,2027-08,96.0350
2026-07-15,2027-09,96.0450
2026-07-15,2027-10,96.0600
2026-07-15,2027-11,96.0800
2026-07-15,2027-12,96.1000
2026-07-15,2028-01,96.1000
2026-07-15,2028-02,96.1300
2026-07-16,2026-10,96.2250
2026-07-16,2026-11,96.1800
2026-07-16,2026-12,96.1200
2026-07-16,2027-01,96.0950
2026-07-16,2027-02,96.0600
2026-07-16,2027-03,96.0350
2026-07-16,2027-04,96.0050
2026-07-16,2027-05,95.9850
2026-07-16,2027-06,95.9850
2026-07-16,2027-07,95.9900
2026-07-16,2027-08,96.0000
2026-07-16,2027-09,96.0100
2026-07-16,2027-10,96.0250
2026-07-16,2027-11,96.0450
2026-07-16,2027-12,96.0650
2026-07-16,2028-01,96.0650
2026-07-16,2028-02,96.0950
2026-07-17,2026-10,96.2050
2026-07-17,2026-11,96.1500
2026-07-17,2026-12,96.0850
2026-07-17,2027-01,96.0600
2026-07-17,2027-02,96.0250
2026-07-17,2027-03,96.0000
2026-07-17,2027-04,95.9750
2026-07-17,2027-05,95.9600
2026-07-17,2027-06,95.9600
2026-07-17,2027-07,95.9650
2026-07-17,2027-08,95.9800
2026-07-17,2027-09,95.9950
2026-07-17,2027-10,96.0100
2026-07-17,2027-11,96.0300
2026-07-17,2027-12,96.0500
2026-07-17,2028-01,96.0500
2026-07-17,2028-02,96.0800
2026-07-20,2026-10,96.1850
2026-07-20,2026-11,96.1250
2026-07-20,2026-12,96.0550
2026-07-20,2027-01,96.0250
2026-07-20,2027-02,95.9900
2026-07-20,2027-03,95.9650
2026-07-20,2027-04,95.9350
2026-07-20,2027-05,95.9200
2026-07-20,2027-06,95.9200
2026-07-20,2027-07,95.9250
2026-07-20,2027-08,95.9400
2026-07-20,2027-09,95.9550
2026-07-20,2027-10,95.9700
2026-07-20,2027-11,95.9900
2026-07-20,2027-12,96.0100
2026-07-20,2028-01,96.0200
2026-07-20,2028-02,96.0500
2026-07-21,2026-10,96.1550
2026-07-21,2026-11,96.0900
2026-07-21,2026-12,96.0150
2026-07-21,2027-01,95.9850
2026-07-21,2027-02,95.9450
2026-07-21,2027-03,95.9150
2026-07-21,2027-04,95.8850
2026-07-21,2027-05,95.8650
2026-07-21,2027-06,95.8700
2026-07-21,2027-07,95.8750
2026-07-21,2027-08,95.8900
2026-07-21,2027-09,95.9050
2026-07-21,2027-10,95.9200
2026-07-21,2027-11,95.9400
2026-07-21,2027-12,95.9600
2026-07-21,2028-01,95.9750
2026-07-21,2028-02,96.0050
2026-07-22,2026-10,96.1150
2026-07-22,2026-11,96.0500
2026-07-22,2026-12,95.9800
2026-07-22,2027-01,95.9450
2026-07-22,2027-02,95.9050
2026-07-22,2027-03,95.8800
2026-07-22,2027-04,95.8450
2026-07-22,2027-05,95.8250
2026-07-22,2027-06,95.8250
2026-07-22,2027-07,95.8300
2026-07-22,2027-08,95.8450
2026-07-22,2027-09,95.8600
2026-07-22,2027-10,95.8750
2026-07-22,2027-11,95.8950
2026-07-22,2027-12,95.9150
2026-07-22,2028-01,95.9300
2026-07-22,2028-02,95.9600
2026-07-23,2026-10,96.0950
2026-07-23,2026-11,96.0250
2026-07-23,2026-12,95.9500
2026-07-23,2027-01,95.9150
2026-07-23,2027-02,95.8700
2026-07-23,2027-03,95.8400
2026-07-23,2027-04,95.8000
2026-07-23,2027-05,95.7700
2026-07-23,2027-06,95.7650
2026-07-23,2027-07,95.7650
2026-07-23,2027-08,95.7700
2026-07-23,2027-09,95.7850
2026-07-23,2027-10,95.8050
2026-07-23,2027-11,95.8250
2026-07-23,2027-12,95.8450
2026-07-23,2028-01,95.8600
2026-07-23,2028-02,95.8900
2026-07-24,2026-10,96.0950
2026-07-24,2026-11,96.0300
2026-07-24,2026-12,95.9600
2026-07-24,2027-01,95.9250
2026-07-24,2027-02,95.8850
2026-07-24,2027-03,95.8550
2026-07-24,2027-04,95.8200
2026-07-24,2027-05,95.7950
2026-07-24,2027-06,95.7950
2026-07-24,2027-07,95.8000
2026-07-24,2027-08,95.8100
2026-07-24,2027-09,95.8250
2026-07-24,2027-10,95.8450
2026-07-24,2027-11,95.8650
2026-07-24,2027-12,95.8850
2026-07-24,2028-01,95.9000
2026-07-24,2028-02,95.9300
2026-07-27,2026-10,96.0950
2026-07-27,2026-11,96.0250
2026-07-27,2026-12,95.9600
2026-07-27,2027-01,95.9300
2026-07-27,2027-02,95.8900
2026-07-27,2027-03,95.8650
2026-07-27,2027-04,95.8350
2026-07-27,2027-05,95.8150
2026-07-27,2027-06,95.8150
2026-07-27,2027-07,95.8200
2026-07-27,2027-08,95.8300
2026-07-27,2027-09,95.8450
2026-07-27,2027-10,95.8650
2026-07-27,2027-11,95.8850
2026-07-27,2027-12,95.9100
2026-07-27,2028-01,95.9250
2026-07-27,2028-02,95.9550
2026-07-28,2026-10,96.1250
2026-07-28,2026-11,96.0600
2026-07-28,2026-12,95.9950
2026-07-28,2027-01,95.9650
2026-07-28,2027-02,95.9300
2026-07-28,2027-03,95.9050
2026-07-28,2027-04,95.8800
2026-07-28,2027-05,95.8600
2026-07-28,2027-06,95.8600
2026-07-28,2027-07,95.8650
2026-07-28,2027-08,95.8750
2026-07-28,2027-09,95.8900
2026-07-28,2027-10,95.9100
2026-07-28,2027-11,95.9300
2026-07-28,2027-12,95.9550
2026-07-28,2028-01,95.9700
2026-07-28,2028-02,96.0000
2026-07-29,2026-10,96.2150
2026-07-29,2026-11,96.1550
2026-07-29,2026-12,96.0800
2026-07-29,2027-01,96.0450
2026-07-29,2027-02,96.0000
2026-07-29,2027-03,95.9700
2026-07-29,2027-04,95.9300
2026-07-29,2027-05,95.9000
2026-07-29,2027-06,95.8950
2026-07-29,2027-07,95.8950
2026-07-29,2027-08,95.9050
2026-07-29,2027-09,95.9200
2026-07-29,2027-10,95.9350
2026-07-29,2027-11,95.9550
2026-07-29,2027-12,95.9800
2026-07-29,2028-01,95.9950
2026-07-29,2028-02,96.0250
2026-07-30,2026-10,96.2000
2026-07-30,2026-11,96.1400
2026-07-30,2026-12,96.0700
2026-07-30,2027-01,96.0400
2026-07-30,2027-02,96.0000
2026-07-30,2027-03,95.9700
2026-07-30,2027-04,95.9350
2026-07-30,2027-05,95.9100
2026-07-30,2027-06,95.9050
2026-07-30,2027-07,95.9050
2026-07-30,2027-08,95.9150
2026-07-30,2027-09,95.9250
2026-07-30,2027-10,95.9400
2026-07-30,2027-11,95.9550
2026-07-30,2027-12,95.9800
2026-07-30,2028-01,95.9950
2026-07-30,2028-02,96.0250
2026-07-31,2026-10,96.1950
2026-07-31,2026-11,96.1250
2026-07-31,2026-12,96.0400
2026-07-31,2027-01,96.0000
2026-07-31,2027-02,95.9450
2026-07-31,2027-03,95.9100
2026-07-31,2027-04,95.8650
2026-07-31,2027-05,95.8350
2026-07-31,2027-06,95.8250
2026-07-31,2027-07,95.8250
2026-07-31,2027-08,95.8300
2026-07-31,2027-09,95.8400
2026-07-31,2027-10,95.8550
2026-07-31,2027-11,95.8700
2026-07-31,2027-12,95.8950
2026-07-31,2028-01,95.9100
2026-07-31,2028-02,95.9400
2026-08-03,2026-10,96.1900
2026-08-03,2026-11,96.1250
2026-08-03,2026-12,96.0450
2026-08-03,2027-01,96.0100
2026-08-03,2027-02,95.9700
2026-08-03,2027-03,95.9400
2026-08-03,2027-04,95.9000
2026-08-03,2027-05,95.8750
2026-08-03,2027-06,95.8650
2026-08-03,2027-07,95.8650
2026-08-03,2027-08,95.8700
2026-08-03,2027-09,95.8850
2026-08-03,2027-10,95.9000
2026-08-03,2027-11,95.9150
2026-08-03,2027-12,95.9400
2026-08-03,2028-01,95.9550
2026-08-03,2028-02,95.9850
2026-08-04,2026-10,96.2150
2026-08-04,2026-11,96.1550
2026-08-04,2026-12,96.0750
2026-08-04,2027-01,96.0450
2026-08-04,2027-02,96.0200
2026-08-04,2027-03,95.9900
2026-08-04,2027-04,95.9550
2026-08-04,2027-05,95.9400
2026-08-04,2027-06,95.9300
2026-08-04,2027-07,95.9300
2026-08-04,2027-08,95.9400
2026-08-04,2027-09,95.9550
2026-08-04,2027-10,95.9700
2026-08-04,2027-11,95.9850
2026-08-04,2027-12,96.0100
2026-08-04,2028-01,96.0250
2026-08-04,2028-02,96.0550
2026-08-05,2026-10,96.2250
2026-08-05,2026-11,96.1650
2026-08-05,2026-12,96.0900
2026-08-05,2027-01,96.0600
2026-08-05,2027-02,96.0350
2026-08-05,2027-03,96.0050
2026-08-05,2027-04,95.9750
2026-08-05,2027-05,95.9650
2026-08-05,2027-06,95.9600
2026-08-05,2027-07,95.9600
2026-08-05,2027-08,95.9700
2026-08-05,2027-09,95.9850
2026-08-05,2027-10,96.0000
2026-08-05,2027-11,96.0150
2026-08-05,2027-12,96.0400
2026-08-05,2028-01,96.0550
2026-08-05,2028-02,96.0850
2026-08-06,2026-10,96.2200
2026-08-06,2026-11,96.1500
2026-08-06,2026-12,96.0600
2026-08-06,2027-01,96.0200
2026-08-06,2027-02,95.9850
2026-08-06,2027-03,95.9550
2026-08-06,2027-04,95.9150
2026-08-06,2027-05,95.8950
2026-08-06,2027-06,95.8850
2026-08-06,2027-07,95.8800
2026-08-06,2027-08,95.8900
2026-08-06,2027-09,95.9000
2026-08-06,2027-10,95.9150
2026-08-06,2027-11,95.9300
2026-08-06,2027-12,95.9550
2026-08-06,2028-01,95.9700
2026-08-06,2028-02,96.0000
2026-08-07,2026-10,96.2500
2026-08-07,2026-11,96.1900
2026-08-07,2026-12,96.1100
2026-08-07,2027-01,96.0750
2026-08-07,2027-02,96.0400
2026-08-07,2027-03,96.0100
2026-08-07,2027-04,95.9750
2026-08-07,2027-05,95.9550
2026-08-07,2027-06,95.9400
2026-08-07,2027-07,95.9400
2026-08-07,2027-08,95.9450
2026-08-07,2027-09,95.9550
2026-08-07,2027-10,95.9650
2026-08-07,2027-11,95.9800
2026-08-07,2027-12,96.0000
2026-08-07,2028-01,96.0150
2026-08-07,2028-02,96.0400
2026-08-10,2026-10,96.2300
2026-08-10,2026-11,96.1650
2026-08-10,2026-12,96.0850
2026-08-10,2027-01,96.0500
2026-08-10,2027-02,96.0100
2026-08-10,2027-03,95.9800
2026-08-10,2027-04,95.9450
2026-08-10,2027-05,95.9250
2026-08-10,2027-06,95.9050
2026-08-10,2027-07,95.9000
2026-08-10,2027-08,95.9050
2026-08-10,2027-09,95.9100
2026-08-10,2027-10,95.9200
2026-08-10,2027-11,95.9350
2026-08-10,2027-12,95.9550
2026-08-10,2028-01,95.9700
2026-08-10,2028-02,95.9900
2026-08-11,2026-10,96.2400
2026-08-11,2026-11,96.1800
2026-08-11,2026-12,96.1000
2026-08-11,2027-01,96.0650
2026-08-11,2027-02,96.0300
2026-08-11,2027-03,96.0000
2026-08-11,2027-04,95.9650
2026-08-11,2027-05,95.9450
2026-08-11,2027-06,95.9300
2026-08-11,2027-07,95.9250
2026-08-11,2027-08,95.9300
2026-08-11,2027-09,95.9350
2026-08-11,2027-10,95.9450
2026-08-11,2027-11,95.9550
2026-08-11,2027-12,95.9750
2026-08-11,2028-01,95.9900
2026-08-11,2028-02,96.0100
2026-08-12,2026-10,96.2600
2026-08-12,2026-11,96.2050
2026-08-12,2026-12,96.1250
2026-08-12,2027-01,96.0900
2026-08-12,2027-02,96.0550
2026-08-12,2027-03,96.0250
2026-08-12,2027-04,95.9900
2026-08-12,2027-05,95.9700
2026-08-12,2027-06,95.9550
2026-08-12,2027-07,95.9500
2026-08-12,2027-08,95.9500
2026-08-12,2027-09,95.9550
2026-08-12,2027-10,95.9650
2026-08-12,2027-11,95.9750
2026-08-12,2027-12,95.9950
2026-08-12,2028-01,96.0100
2026-08-12,2028-02,96.0300
2026-08-13,2026-10,96.2800
2026-08-13,2026-11,96.2300
2026-08-13,2026-12,96.1650
2026-08-13,2027-01,96.1400
2026-08-13,2027-02,96.1050
2026-08-13,2027-03,96.0800
2026-08-13,2027-04,96.0500
2026-08-13,2027-05,96.0350
2026-08-13,2027-06,96.0200
2026-08-13,2027-07,96.0150
2026-08-13,2027-08,96.0200
2026-08-13,2027-09,96.0250
2026-08-13,2027-10,96.0300
2026-08-13,2027-11,96.0400
2026-08-13,2027-12,96.0600
2026-08-13,2028-01,96.0650
2026-08-13,2028-02,96.0850
2026-08-14,2026-10,96.2800
2026-08-14,2026-11,96.2350
2026-08-14,2026-12,96.1650
2026-08-14,2027-01,96.1300
2026-08-14,2027-02,96.0900
2026-08-14,2027-03,96.0650
2026-08-14,2027-04,96.0300
2026-08-14,2027-05,96.0100
2026-08-14,2027-06,95.9950
2026-08-14,2027-07,95.9900
2026-08-14,2027-08,95.9900
2026-08-14,2027-09,95.9950
2026-08-14,2027-10,96.0000
2026-08-14,2027-11,96.0100
2026-08-14,2027-12,96.0250
2026-08-14,2028-01,96.0300
2026-08-14,2028-02,96.0500
2026-08-17,2026-10,96.2750
2026-08-17,2026-11,96.2300
2026-08-17,2026-12,96.1600
2026-08-17,2027-01,96.1250
2026-08-17,2027-02,96.0850
2026-08-17,2027-03,96.0550
2026-08-17,2027-04,96.0200
2026-08-17,2027-05,96.0000
2026-08-17,2027-06,95.9850
2026-08-17,2027-07,95.9800
2026-08-17,2027-08,95.9800
2026-08-17,2027-09,95.9850
2026-08-17,2027-10,95.9900
2026-08-17,2027-11,95.9950
2026-08-17,2027-12,96.0100
2026-08-17,2028-01,96.0150
2026-08-17,2028-02,96.0350
2026-08-18,2026-10,96.2750
2026-08-18,2026-11,96.2300
2026-08-18,2026-12,96.1600
2026-08-18,2027-01,96.1300
2026-08-18,2027-02,96.0850
2026-08-18,2027-03,96.0550
2026-08-18,2027-04,96.0250
2026-08-18,2027-05,96.0050
2026-08-18,2027-06,95.9900
2026-08-18,2027-07,95.9850
2026-08-18,2027-08,95.9850
2026-08-18,2027-09,95.9900
2026-08-18,2027-10,95.9950
2026-08-18,2027-11,96.0000
2026-08-18,2027-12,96.0150
2026-08-18,2028-01,96.0200
2026-08-18,2028-02,96.0400
2026-08-19,2026-10,96.2800
2026-08-19,2026-11,96.2350
2026-08-19,2026-12,96.1650
2026-08-19,2027-01,96.1300
2026-08-19,2027-02,96.0900
2026-08-19,2027-03,96.0600
2026-08-19,2027-04,96.0300
2026-08-19,2027-05,96.0050
2026-08-19,2027-06,95.9850
2026-08-19,2027-07,95.9800
2026-08-19,2027-08,95.9800
2026-08-19,2027-09,95.9800
2026-08-19,2027-10,95.9850
2026-08-19,2027-11,95.9900
2026-08-19,2027-12,96.0050
2026-08-19,2028-01,96.0100
2026-08-19,2028-02,96.0300
2026-08-20,2026-10,96.2750
2026-08-20,2026-11,96.2300
2026-08-20,2026-12,96.1650
2026-08-20,2027-01,96.1350
2026-08-20,2027-02,96.0950
2026-08-20,2027-03,96.0650
2026-08-20,2027-04,96.0350
2026-08-20,2027-05,96.0100
2026-08-20,2027-06,95.9900
2026-08-20,2027-07,95.9850
2026-08-20,2027-08,95.9800
2026-08-20,2027-09,95.9800
2026-08-20,2027-10,95.9800
2026-08-20,2027-11,95.9850
2026-08-20,2027-12,96.0000
2026-08-20,2028-01,96.0050
2026-08-20,2028-02,96.0250
2026-08-21,2026-10,96.2650
2026-08-21,2026-11,96.2150
2026-08-21,2026-12,96.1400
2026-08-21,2027-01,96.1100
2026-08-21,2027-02,96.0650
2026-08-21,2027-03,96.0300
2026-08-21,2027-04,95.9950
2026-08-21,2027-05,95.9650
2026-08-21,2027-06,95.9400
2026-08-21,2027-07,95.9300
2026-08-21,2027-08,95.9250
2026-08-21,2027-09,95.9250
2026-08-21,2027-10,95.9250
2026-08-21,2027-11,95.9300
2026-08-21,2027-12,95.9450
2026-08-21,2028-01,95.9500
2026-08-21,2028-02,95.9700
2026-08-24,2026-10,96.2600
2026-08-24,2026-11,96.2000
2026-08-24,2026-12,96.1200
2026-08-24,2027-01,96.0900
2026-08-24,2027-02,96.0450
2026-08-24,2027-03,96.0100
2026-08-24,2027-04,95.9750
2026-08-24,2027-05,95.9500
2026-08-24,2027-06,95.9300
2026-08-24,2027-07,95.9200
2026-08-24,2027-08,95.9150
2026-08-24,2027-09,95.9150
2026-08-24,2027-10,95.9200
2026-08-24,2027-11,95.9250
2026-08-24,2027-12,95.9400
2026-08-24,2028-01,95.9450
2026-08-24,2028-02,95.9650
2026-08-25,2026-10,96.2650
2026-08-25,2026-11,96.2100
2026-08-25,2026-12,96.1350
2026-08-25,2027-01,96.1050
2026-08-25,2027-02,96.0650
2026-08-25,2027-03,96.0350
2026-08-25,2027-04,96.0050
2026-08-25,2027-05,95.9850
2026-08-25,2027-06,95.9700
2026-08-25,2027-07,95.9600
2026-08-25,2027-08,95.9650
2026-08-25,2027-09,95.9650
2026-08-25,2027-10,95.9700
2026-08-25,2027-11,95.9750
2026-08-25,2027-12,95.9900
2026-08-25,2028-01,95.9950
2026-08-25,2028-02,96.0150
2026-08-26,2026-10,96.2700
2026-08-26,2026-11,96.2150
2026-08-26,2026-12,96.1350
2026-08-26,2027-01,96.1000
2026-08-26,2027-02,96.0550
2026-08-26,2027-03,96.0200
2026-08-26,2027-04,95.9850
2026-08-26,2027-05,95.9650
2026-08-26,2027-06,95.9450
2026-08-26,2027-07,95.9350
2026-08-26,2027-08,95.9350
2026-08-26,2027-09,95.9350
2026-08-26,2027-10,95.9400
2026-08-26,2027-11,95.9450
2026-08-26,2027-12,95.9600
2026-08-26,2028-01,95.9650
2026-08-26,2028-02,95.9850
2026-08-27,2026-10,96.2750
2026-08-27,2026-11,96.2150
2026-08-27,2026-12,96.1300
2026-08-27,2027-01,96.0950
2026-08-27,2027-02,96.0500
2026-08-27,2027-03,96.0150
2026-08-27,2027-04,95.9750
2026-08-27,2027-05,95.9500
2026-08-27,2027-06,95.9300
2026-08-27,2027-07,95.9200
2026-08-27,2027-08,95.9200
2026-08-27,2027-09,95.9200
2026-08-27,2027-10,95.9250
2026-08-27,2027-11,95.9300
2026-08-27,2027-12,95.9450
2026-08-27,2028-01,95.9500
2026-08-27,2028-02,95.9700
2026-08-28,2026-10,96.2200
2026-08-28,2026-11,96.1500
2026-08-28,2026-12,96.0350
2026-08-28,2027-01,95.9850
2026-08-28,2027-02,95.9250
2026-08-28,2027-03,95.8800
2026-08-28,2027-04,95.8300
2026-08-28,2027-05,95.8000
2026-08-28,2027-06,95.7800
2026-08-28,2027-07,95.7700
2026-08-28,2027-08,95.7700
2026-08-28,2027-09,95.7700
2026-08-28,2027-10,95.7750
2026-08-28,2027-11,95.7900
2026-08-28,2027-12,95.8100
2026-08-28,2028-01,95.8150
2026-08-28,2028-02,95.8350
2026-08-31,2026-10,96.2000
2026-08-31,2026-11,96.1400
2026-08-31,2026-12,96.0350
2026-08-31,2027-01,95.9850
2026-08-31,2027-02,95.9300
2026-08-31,2027-03,95.8850
2026-08-31,2027-04,95.8350
2026-08-31,2027-05,95.8050
2026-08-31,2027-06,95.7800
2026-08-31,2027-07,95.7700
2026-08-31,2027-08,95.7700
2026-08-31,2027-09,95.7700
2026-08-31,2027-10,95.7750
2026-08-31,2027-11,95.7900
2026-08-31,2027-12,95.8100
2026-08-31,2028-01,95.8150
2026-08-31,2028-02,95.8350
2026-09-01,2026-10,96.1950
2026-09-01,2026-11,96.1300
2026-09-01,2026-12,96.0200
2026-09-01,2027-01,95.9650
2026-09-01,2027-02,95.9100
2026-09-01,2027-03,95.8650
2026-09-01,2027-04,95.8100
2026-09-01,2027-05,95.7750
2026-09-01,2027-06,95.7450
2026-09-01,2027-07,95.7300
2026-09-01,2027-08,95.7250
2026-09-01,2027-09,95.7250
2026-09-01,2027-10,95.7250
2026-09-01,2027-11,95.7350
2026-09-01,2027-12,95.7550
2026-09-01,2028-01,95.7600
2026-09-01,2028-02,95.7850
2026-09-02,2026-10,96.2050
2026-09-02,2026-11,96.1400
2026-09-02,2026-12,96.0300
2026-09-02,2027-01,95.9800
2026-09-02,2027-02,95.9250
2026-09-02,2027-03,95.8800
2026-09-02,2027-04,95.8250
2026-09-02,2027-05,95.7900
2026-09-02,2027-06,95.7600
2026-09-02,2027-07,95.7450
2026-09-02,2027-08,95.7350
2026-09-02,2027-09,95.7350
2026-09-02,2027-10,95.7350
2026-09-02,2027-11,95.7450
2026-09-02,2027-12,95.7650
2026-09-02,2028-01,95.7750
2026-09-02,2028-02,95.8000
2026-09-03,2026-10,96.2400
2026-09-03,2026-11,96.1800
2026-09-03,2026-12,96.0850
2026-09-03,2027-01,96.0400
2026-09-03,2027-02,95.9900
2026-09-03,2027-03,95.9400
2026-09-03,2027-04,95.8900
2026-09-03,2027-05,95.8550
2026-09-03,2027-06,95.8200
2026-09-03,2027-07,95.8050
2026-09-03,2027-08,95.7950
2026-09-03,2027-09,95.7950
2026-09-03,2027-10,95.7950
2026-09-03,2027-11,95.8000
2026-09-03,2027-12,95.8200
2026-09-03,2028-01,95.8300
2026-09-03,2028-02,95.8550
2026-09-04,2026-10,96.2150
2026-09-04,2026-11,96.1550
2026-09-04,2026-12,96.0600
2026-09-04,2027-01,96.0150
2026-09-04,2027-02,95.9650
2026-09-04,2027-03,95.9150
2026-09-04,2027-04,95.8650
2026-09-04,2027-05,95.8300
2026-09-04,2027-06,95.7950
2026-09-04,2027-07,95.7750
2026-09-04,2027-08,95.7650
2026-09-04,2027-09,95.7600
2026-09-04,2027-10,95.7550
2026-09-04,2027-11,95.7600
2026-09-04,2027-12,95.7750
2026-09-04,2028-01,95.7850
2026-09-04,2028-02,95.8100
2026-09-08,2026-10,96.2150
2026-09-08,2026-11,96.1550
2026-09-08,2026-12,96.0600
2026-09-08,2027-01,96.0100
2026-09-08,2027-02,95.9550
2026-09-08,2027-03,95.9100
2026-09-08,2027-04,95.8550
2026-09-08,2027-05,95.8200
2026-09-08,2027-06,95.7800
2026-09-08,2027-07,95.7600
2026-09-08,2027-08,95.7500
2026-09-08,2027-09,95.7450
2026-09-08,2027-10,95.7400
2026-09-08,2027-11,95.7400
2026-09-08,2027-12,95.7550
2026-09-08,2028-01,95.7650
2026-09-08,2028-02,95.7850
2026-09-09,2026-10,96.2100
2026-09-09,2026-11,96.1450
2026-09-09,2026-12,96.0450
2026-09-09,2027-01,95.9950
2026-09-09,2027-02,95.9400
2026-09-09,2027-03,95.8900
2026-09-09,2027-04,95.8350
2026-09-09,2027-05,95.7950
2026-09-09,2027-06,95.7550
2026-09-09,2027-07,95.7350
2026-09-09,2027-08,95.7200
2026-09-09,2027-09,95.7100
2026-09-09,2027-10,95.7050
2026-09-09,2027-11,95.7050
2026-09-09,2027-12,95.7150
2026-09-09,2028-01,95.7250
2026-09-09,2028-02,95.7450
2026-09-10,2026-10,96.1800
2026-09-10,2026-11,96.0950
2026-09-10,2026-12,95.9750
2026-09-10,2027-01,95.9150
2026-09-10,2027-02,95.8350
2026-09-10,2027-03,95.7700
2026-09-10,2027-04,95.7000
2026-09-10,2027-05,95.6450
2026-09-10,2027-06,95.6000
2026-09-10,2027-07,95.5750
2026-09-10,2027-08,95.5550
2026-09-10,2027-09,95.5450
2026-09-10,2027-10,95.5400
2026-09-10,2027-11,95.5400
2026-09-10,2027-12,95.5500
2026-09-10,2028-01,95.5600
2026-09-10,2028-02,95.5800
2026-09-11,2026-10,96.1400
2026-09-11,2026-11,96.0300
2026-09-11,2026-12,95.9100
2026-09-11,2027-01,95.8550
2026-09-11,2027-02,95.7700
2026-09-11,2027-03,95.7000
2026-09-11,2027-04,95.6200
2026-09-11,2027-05,95.5550
2026-09-11,2027-06,95.5000
2026-09-11,2027-07,95.4750
2026-09-11,2027-08,95.4500
2026-09-11,2027-09,95.4400
2026-09-11,2027-10,95.4350
2026-09-11,2027-11,95.4350
2026-09-11,2027-12,95.4500
2026-09-11,2028-01,95.4600
2026-09-11,2028-02,95.4800
2026-09-14,2026-10,96.1250
2026-09-14,2026-11,96.0200
2026-09-14,2026-12,95.9000
2026-09-14,2027-01,95.8450
2026-09-14,2027-02,95.7650
2026-09-14,2027-03,95.7000
2026-09-14,2027-04,95.6300
2026-09-14,2027-05,95.5700
2026-09-14,2027-06,95.5200
2026-09-14,2027-07,95.4950
2026-09-14,2027-08,95.4700
2026-09-14,2027-09,95.4600
2026-09-14,2027-10,95.4550
2026-09-14,2027-11,95.4550
2026-09-14,2027-12,95.4700
2026-09-14,2028-01,95.4800
2026-09-14,2028-02,95.5000
2026-09-15,2026-10,96.1250
2026-09-15,2026-11,96.0200
2026-09-15,2026-12,95.8950
2026-09-15,2027-01,95.8400
2026-09-15,2027-02,95.7600
2026-09-15,2027-03,95.6900
2026-09-15,2027-04,95.6150
2026-09-15,2027-05,95.5500
2026-09-15,2027-06,95.4950
2026-09-15,2027-07,95.4650
2026-09-15,2027-08,95.4400
2026-09-15,2027-09,95.4300
2026-09-15,2027-10,95.4200
2026-09-15,2027-11,95.4200
2026-09-15,2027-12,95.4350
2026-09-15,2028-01,95.4450
2026-09-15,2028-02,95.4650
2026-09-16,2026-10,96.1050
2026-09-16,2026-11,95.9950
2026-09-16,2026-12,95.8550
2026-09-16,2027-01,95.7900
2026-09-16,2027-02,95.7050
2026-09-16,2027-03,95.6250
2026-09-16,2027-04,95.5300
2026-09-16,2027-05,95.4500
2026-09-16,2027-06,95.3900
2026-09-16,2027-07,95.3600
2026-09-16,2027-08,95.3400
2026-09-16,2027-09,95.3300
2026-09-16,2027-10,95.3250
2026-09-16,2027-11,95.3300
2026-09-16,2027-12,95.3550
2026-09-16,2028-01,95.3650
2026-09-16,2028-02,95.3850
2026-09-17,2026-10,96.1050
2026-09-17,2026-11,95.9800
2026-09-17,2026-12,95.8450
2026-09-17,2027-01,95.7800
2026-09-17,2027-02,95.7000
2026-09-17,2027-03,95.6250
2026-09-17,2027-04,95.5350
2026-09-17,2027-05,95.4750
2026-09-17,2027-06,95.4250
2026-09-17,2027-07,95.4000
2026-09-17,2027-08,95.3900
2026-09-17,2027-09,95.3850
2026-09-17,2027-10,95.3800
2026-09-17,2027-11,95.3900
2026-09-17,2027-12,95.4150
2026-09-17,2028-01,95.4250
2026-09-17,2028-02,95.4450
2026-09-18,2026-10,96.1050
2026-09-18,2026-11,95.9750
2026-09-18,2026-12,95.8350
2026-09-18,2027-01,95.7700
2026-09-18,2027-02,95.6800
2026-09-18,2027-03,95.6000
2026-09-18,2027-04,95.5100
2026-09-18,2027-05,95.4400
2026-09-18,2027-06,95.3850
2026-09-18,2027-07,95.3550
2026-09-18,2027-08,95.3350
2026-09-18,2027-09,95.3250
2026-09-18,2027-10,95.3200
2026-09-18,2027-11,95.3300
2026-09-18,2027-12,95.3500
2026-09-18,2028-01,95.3600
2026-09-18,2028-02,95.3800
2026-09-21,2026-10,96.1050
2026-09-21,2026-11,95.9750
2026-09-21,2026-12,95.8350
2026-09-21,2027-01,95.7700
2026-09-21,2027-02,95.6800
2026-09-21,2027-03,95.6000
2026-09-21,2027-04,95.5100
2026-09-21,2027-05,95.4350
2026-09-21,2027-06,95.3800
2026-09-21,2027-07,95.3500
2026-09-21,2027-08,95.3300
2026-09-21,2027-09,95.3200
2026-09-21,2027-10,95.3150
2026-09-21,2027-11,95.3250
2026-09-21,2027-12,95.3450
2026-09-21,2028-01,95.3550
2026-09-21,2028-02,95.3750
2026-09-22,2026-10,96.1050
2026-09-22,2026-11,95.9800
2026-09-22,2026-12,95.8400
2026-09-22,2027-01,95.7750
2026-09-22,2027-02,95.6800
2026-09-22,2027-03,95.6050
2026-09-22,2027-04,95.5150
2026-09-22,2027-05,95.4400
2026-09-22,2027-06,95.3850
2026-09-22,2027-07,95.3550
2026-09-22,2027-08,95.3350
2026-09-22,2027-09,95.3250
2026-09-22,2027-10,95.3200
2026-09-22,2027-11,95.3250
2026-09-22,2027-12,95.3450
2026-09-22,2028-01,95.3550
2026-09-22,2028-02,95.3750
2026-09-23,2026-10,96.1050
2026-09-23,2026-11,95.9450
2026-09-23,2026-12,95.8050
2026-09-23,2027-01,95.7350
2026-09-23,2027-02,95.6250
2026-09-23,2027-03,95.5450
2026-09-23,2027-04,95.4500
2026-09-23,2027-05,95.3600
2026-09-23,2027-06,95.2900
2026-09-23,2027-07,95.2550
2026-09-23,2027-08,95.2200
2026-09-23,2027-09,95.2000
2026-09-23,2027-10,95.1850
2026-09-23,2027-11,95.1750
2026-09-23,2027-12,95.1900
2026-09-23,2028-01,95.2000
2026-09-23,2028-02,95.2200
2026-09-24,2026-10,96.1050
2026-09-24,2026-11,95.9500
2026-09-24,2026-12,95.8050
2026-09-24,2027-01,95.7350
2026-09-24,2027-02,95.6250
2026-09-24,2027-03,95.5400
2026-09-24,2027-04,95.4400
2026-09-24,2027-05,95.3500
2026-09-24,2027-06,95.2800
2026-09-24,2027-07,95.2450
2026-09-24,2027-08,95.2150
2026-09-24,2027-09,95.2000
2026-09-24,2027-10,95.1850
2026-09-24,2027-11,95.1800
2026-09-24,2027-12,95.1950
2026-09-24,2028-01,95.2050
2026-09-24,2028-02,95.2250
2026-09-25,2026-10,96.1100
2026-09-25,2026-11,95.9650
2026-09-25,2026-12,95.8200
2026-09-25,2027-01,95.7500
2026-09-25,2027-02,95.6400
2026-09-25,2027-03,95.5600
2026-09-25,2027-04,95.4650
2026-09-25,2027-05,95.3800
2026-09-25,2027-06,95.3150
2026-09-25,2027-07,95.2800
2026-09-25,2027-08,95.2550
2026-09-25,2027-09,95.2400
2026-09-25,2027-10,95.2250
2026-09-25,2027-11,95.2250
2026-09-25,2027-12,95.2400
2026-09-25,2028-01,95.2500
2026-09-25,2028-02,95.2700
2026-09-28,2026-10,96.1050
2026-09-28,2026-11,95.9450
2026-09-28,2026-12,95.7950
2026-09-28,2027-01,95.7200
2026-09-28,2027-02,95.6000
2026-09-28,2027-03,95.5150
2026-09-28,2027-04,95.4150
2026-09-28,2027-05,95.3200
2026-09-28,2027-06,95.2500
2026-09-28,2027-07,95.2150
2026-09-28,2027-08,95.1850
2026-09-28,2027-09,95.1700
2026-09-28,2027-10,95.1550
2026-09-28,2027-11,95.1550
2026-09-28,2027-12,95.1700
2026-09-28,2028-01,95.1800
2026-09-28,2028-02,95.2000
2026-09-29,2026-10,96.1100
2026-09-29,2026-11,95.9950
2026-09-29,2026-12,95.8450
2026-09-29,2027-01,95.7700
2026-09-29,2027-02,95.6500
2026-09-29,2027-03,95.5650
2026-09-29,2027-04,95.4600
2026-09-29,2027-05,95.3650
2026-09-29,2027-06,95.2900
2026-09-29,2027-07,95.2500
2026-09-29,2027-08,95.2150
2026-09-29,2027-09,95.2000
2026-09-29,2027-10,95.1850
2026-09-29,2027-11,95.1850
2026-09-29,2027-12,95.2050
2026-09-29,2028-01,95.2100
2026-09-29,2028-02,95.2300
2026-09-30,2026-10,96.1100
2026-09-30,2026-11,96.0250
2026-09-30,2026-12,95.8750
2026-09-30,2027-01,95.8000
2026-09-30,2027-02,95.6850
2026-09-30,2027-03,95.5950
2026-09-30,2027-04,95.4900
2026-09-30,2027-05,95.3850
2026-09-30,2027-06,95.3050
2026-09-30,2027-07,95.2650
2026-09-30,2027-08,95.2250
2026-09-30,2027-09,95.2050
2026-09-30,2027-10,95.1850
2026-09-30,2027-11,95.1800
2026-09-30,2027-12,95.2000
2026-09-30,2028-01,95.1950
2026-09-30,2028-02,95.2150
2026-10-01,2026-10,96.1150
2026-10-01,2026-11,96.0600
2026-10-01,2026-12,95.9300
2026-10-01,2027-01,95.8650
2026-10-01,2027-02,95.7850
2026-10-01,2027-03,95.7100
2026-10-01,2027-04,95.6150
2026-10-01,2027-05,95.5300
2026-10-01,2027-06,95.4550
2026-10-01,2027-07,95.4150
2026-10-01,2027-08,95.3750
2026-10-01,2027-09,95.3500
2026-10-01,2027-10,95.3300
2026-10-01,2027-11,95.3200
2026-10-01,2027-12,95.3350
2026-10-01,2028-01,95.3350
2026-10-01,2028-02,95.3500
2026-10-02,2026-10,96.1200
2026-10-02,2026-11,96.0700
2026-10-02,2026-12,95.9250
2026-10-02,2027-01,95.8550
2026-10-02,2027-02,95.7700
2026-10-02,2027-03,95.6850
2026-10-02,2027-04,95.5800
2026-10-02,2027-05,95.4850
2026-10-02,2027-06,95.4050
2026-10-02,2027-07,95.3650
2026-10-02,2027-08,95.3250
2026-10-02,2027-09,95.3000
2026-10-02,2027-10,95.2800
2026-10-02,2027-11,95.2700
2026-10-02,2027-12,95.2850
2026-10-02,2028-01,95.2850
2026-10-02,2028-02,95.3000
2026-10-05,2026-10,96.1150
2026-10-05,2026-11,96.0650
2026-10-05,2026-12,95.9150
2026-10-05,2027-01,95.8450
2026-10-05,2027-02,95.7550
2026-10-05,2027-03,95.6750
2026-10-05,2027-04,95.5700
2026-10-05,2027-05,95.4750
2026-10-05,2027-06,95.3950
2026-10-05,2027-07,95.3550
2026-10-05,2027-08,95.3150
2026-10-05,2027-09,95.2900
2026-10-05,2027-10,95.2700
2026-10-05,2027-11,95.2600
2026-10-05,2027-12,95.2700
2026-10-05,2028-01,95.2650
2026-10-05,2028-02,95.2700
2026-10-06,2026-10,96.1150
2026-10-06,2026-11,96.0700
2026-10-06,2026-12,95.9250
2026-10-06,2027-01,95.8550
2026-10-06,2027-02,95.7650
2026-10-06,2027-03,95.6850
2026-10-06,2027-04,95.5850
2026-10-06,2027-05,95.4950
2026-10-06,2027-06,95.4200
2026-10-06,2027-07,95.3850
2026-10-06,2027-08,95.3500
2026-10-06,2027-09,95.3300
2026-10-06,2027-10,95.3100
2026-10-06,2027-11,95.3000
2026-10-06,2027-12,95.3100
2026-10-06,2028-01,95.3050
2026-10-06,2028-02,95.3100
2026-10-07,2026-10,96.1150
2026-10-07,2026-11,96.0750
2026-10-07,2026-12,95.9250
2026-10-07,2027-01,95.8550
2026-10-07,2027-02,95.7750
2026-10-07,2027-03,95.7000
2026-10-07,2027-04,95.6050
2026-10-07,2027-05,95.5250
2026-10-07,2027-06,95.4550
2026-10-07,2027-07,95.4200
2026-10-07,2027-08,95.3850
2026-10-07,2027-09,95.3650
2026-10-07,2027-10,95.3450
2026-10-07,2027-11,95.3350
2026-10-07,2027-12,95.3500
2026-10-07,2028-01,95.3350
2026-10-07,2028-02,95.3550
